word,frequency,rank
she,1809,1
all,1166,2
upon,1156,3
very,1094,4
great,1088,5
yet,1001,6
come,964,7
unto,955,8
mine,852,9
no,702,10
maid,612,11
made,600,12
surely,564,13
truly,562,14
should,562,15
now,553,16
went,547,17
night,514,18
came,513,19
go,488,20
little,483,21
thing,479,22
way,476,23
more,471,24
know,449,25
make,427,26
time,424,27
place,420,28
heart,407,29
own,387,30
utter,369,31
shall,363,32
one,359,33
set,353,34
seem,347,35
land,346,36
moment,343,37
presently,342,38
fire,340,39
some,328,40
might,319,41
even,302,42
us,301,43
mighty,293,44
strange,292,45
man,290,46
upward,283,47
indeed,282,48
love,272,49
afterward,264,50
gone,262,51
any,255,52
think,247,53
spirit,245,54
gorge,238,55
light,235,56
doth,226,57
hours,226,58
saw,224,59
see,222,60
pyramid,221,61
ever,220,62
part,214,63
put,214,64
look,211,65
only,210,66
something,210,67
back,209,68
alway,208,69
life,207,70
rock,206,71
quiet,205,72
verity,201,73
far,201,74
within,200,75
sleep,198,76
eat,197,77
oft,195,78
lo,193,79
world,192,80
knew,191,81
earth,190,82
thought,189,83
master,189,84
diskos,185,85
though,185,86
lookt,180,87
forward,177,88
save,176,89
monstrous,176,90
men,171,91
downward,170,92
nigh,169,93
like,168,94
hour,167,95
told,167,96
sudden,165,97
arms,165,98
end,162,99
two,162,100
sound,161,101
water,161,102
side,159,103
somewhat,159,104
say,156,105
much,154,106
than,153,107
sweet,152,108
other,152,109
feet,151,110
knowledge,150,111
dear,150,112
things,149,113
mind,147,114
perceive,146,115
stood,146,116
good,145,117
naani,144,118
need,144,119
same,144,120
country,143,121
power,142,122
hands,137,123
never,136,124
tell,136,125
dark,134,126
among,134,127
perceived,134,128
also,133,129
anigh,133,130
proper,133,131
plain,132,132
whether,127,133
near,127,134
silence,127,135
long,123,136
armour,123,137
redoubt,122,138
body,122,139
well,121,140
many,121,141
must,120,142
day,120,143
matter,120,144
head,119,145
half,118,146
hole,118,147
took,118,148
eyes,117,149
horrid,117,150
last,116,151
neither,116,152
fear,115,153
hand,115,154
bushes,114,155
wonder,114,156
silent,113,157
olden,112,158
age,110,159
strong,110,160
full,109,161
first,109,162
thus,108,163
dreadful,107,164
word,107,165
take,106,166
may,106,167
wondrous,106,168
give,105,169
darkness,105,170
strength,104,171
left,103,172
monster,103,173
truth,103,174
constant,102,175
road,102,176
each,102,177
slumber,102,178
voice,101,179
said,101,180
show,101,181
both,100,182
maybe,100,183
pretty,100,184
mirdath,100,185
across,99,186
swift,99,187
new,99,188
natural,98,189
feel,98,190
gat,98,191
beyond,98,192
memory,98,193
trouble,98,194
right,98,195
air,98,196
lie,97,197
mayhap,97,198
clear,96,199
lay,95,200
hundred,95,201
always,93,202
away,92,203
known,92,204
small,92,205
journey,91,206
sea,90,207
seen,90,208
kist,90,209
evil,89,210
immediately,89,211
low,89,212
reason,89,213
lost,89,214
dead,88,215
safe,88,216
done,88,217
kiss,88,218
days,87,219
cloak,87,220
face,87,221
likewise,87,222
concerning,87,223
shining,86,224
onward,85,225
heard,85,226
deep,84,227
house,83,228
past,83,229
lesser,82,230
ready,81,231
beside,81,232
seeming,81,233
odd,81,234
eternity,81,235
afar,80,236
years,80,237
aught,80,238
pain,80,239
trees,80,240
human,80,241
stand,80,242
instant,80,243
three,79,244
tablets,79,245
scarce,79,246
north,79,247
mouth,78,248
gave,78,249
monsters,78,250
monstruwacan,78,251
hid,78,252
looked,77,253
quick,77,254
held,76,255
live,76,256
matters,76,257
wise,75,258
forth,75,259
certain,74,260
naught,74,261
gentle,74,262
millions,73,263
grown,73,264
miles,73,265
thousand,73,266
found,73,267
hope,72,268
humpt,72,269
free,72,270
sight,71,271
cave,71,272
speech,70,273
together,70,274
hold,70,275
ran,70,276
noise,69,277
whilst,69,278
grew,69,279
waked,69,280
grow,69,281
force,68,282
run,68,283
find,68,284
keep,68,285
inward,68,286
outward,68,287
call,67,288
going,67,289
holes,67,290
watch,67,291
peoples,66,292
death,66,293
turned,65,294
youths,65,295
soul,65,296
rest,65,297
glad,63,298
red,63,299
heed,63,300
joy,63,301
hear,62,302
danger,62,303
brain,61,304
drink,60,305
sure,60,306
speed,60,307
hollow,60,308
current,60,309
none,60,310
space,59,311
understanding,59,312
lovely,58,313
ceased,58,314
work,58,315
cease,58,316
times,58,317
shine,58,318
beast,58,319
name,58,320
called,57,321
backward,57,322
seemed,57,323
drank,57,324
walk,57,325
harm,57,326
ease,56,327
without,56,328
lack,56,329
weak,56,330
still,56,331
rocks,56,332
pit,56,333
lest,55,334
ere,55,335
spy,55,336
valley,55,337
close,55,338
bitter,54,339
care,54,340
towards,54,341
knowing,54,342
use,54,343
moss,54,344
slept,54,345
gear,54,346
forces,53,347
slope,53,348
bottom,53,349
terror,53,350
arm,52,351
boulders,52,352
west,51,353
another,51,354
happy,51,355
hill,51,356
bring,51,357
since,50,358
shaken,50,359
distance,50,360
glass,50,361
behold,50,362
every,50,363
everlasting,50,364
husht,50,365
whiles,49,366
pass,49,367
weary,49,368
thoughts,49,369
less,49,370
believe,48,371
forever,48,372
home,48,373
cold,47,374
most,47,375
fight,47,376
aether,47,377
soon,47,378
speak,47,379
intent,46,380
edge,46,381
scrip,46,382
caught,46,383
six,46,384
true,45,385
doubt,45,386
given,45,387
grey,45,388
stirred,45,389
strangely,45,390
round,45,391
safety,45,392
begin,45,393
raft,45,394
vague,44,395
died,44,396
sent,44,397
horror,44,398
search,44,399
dread,44,400
greater,44,401
beat,44,402
moved,44,403
somewise,44,404
beautiful,44,405
shake,43,406
refuge,43,407
loving,43,408
hills,43,409
remember,43,410
mean,43,411
naughty,43,412
hurt,43,413
moreover,42,414
ways,42,415
courage,42,416
passed,42,417
pause,42,418
four,42,419
ones,42,420
let,42,421
lips,42,422
warm,42,423
hot,41,424
telling,41,425
help,41,426
talk,41,427
chance,41,428
honour,41,429
destruction,41,430
surety,41,431
running,41,432
words,41,433
despair,41,434
sorrow,41,435
journeying,40,436
wot,40,437
child,40,438
giants,40,439
mountains,40,440
fires,40,441
bed,40,442
toward,40,443
sore,40,444
shore,39,445
seven,39,446
will,39,447
pouch,39,448
turn,39,449
twenty,39,450
cities,39,451
understand,39,452
faint,39,453
better,39,454
hearts,39,455
comfort,39,456
hath,38,457
young,38,458
garments,38,459
thiswise,38,460
sit,38,461
coming,38,462
places,38,463
hair,38,464
nothing,38,465
humans,38,466
calling,38,467
creature,38,468
anger,38,469
south,37,470
hard,37,471
black,37,472
circle,37,473
drunk,37,474
speedy,37,475
brought,37,476
delight,37,477
second,37,478
mayhaps,37,479
cast,37,480
carry,37,481
tree,37,482
die,37,483
lonesome,36,484
hounds,36,485
sixth,36,486
kept,36,487
shoulders,36,488
gloom,36,489
huge,35,490
dainty,35,491
elements,35,492
cut,35,493
swiftly,35,494
dry,35,495
hearing,35,496
wisdom,35,497
eager,35,498
bush,35,499
breast,35,500
thrice,35,501
warmth,34,502
foolishness,34,503
lady,34,504
others,34,505
nice,34,506
ten,34,507
began,34,508
troubled,34,509
lights,34,510
rose,34,511
sat,34,512
hide,34,513
around,34,514
high,34,515
easy,34,516
lands,33,517
blue,33,518
dull,33,519
along,33,520
vast,33,521
drew,33,522
awhile,33,523
able,33,524
food,33,525
belief,32,526
brute,32,527
else,32,528
fall,32,529
suddenly,32,530
knees,32,531
content,32,532
ask,32,533
slow,32,534
cliff,32,535
foolish,32,536
too,31,537
belly,31,538
slain,31,539
learn,31,540
mile,31,541
quickly,31,542
fresh,31,543
ears,31,544
abroad,31,545
watcher,30,546
askt,30,547
people,30,548
stones,30,549
minded,30,550
holy,30,551
grim,30,552
heavy,30,553
height,30,554
steam,30,555
naughtiness,30,556
spirits,30,557
taken,30,558
nature,29,559
slay,29,560
wake,29,561
future,29,562
flame,29,563
named,29,564
loved,29,565
showed,29,566
gas,29,567
chill,29,568
aid,29,569
east,29,570
keen,29,571
parts,29,572
conceive,29,573
dreams,29,574
ship,29,575
amid,28,576
eased,28,577
meet,28,578
leap,28,579
move,28,580
burned,28,581
mountain,28,582
tower,28,583
living,28,584
present,28,585
creatures,28,586
walked,28,587
strive,28,588
ground,28,589
alone,28,590
powers,28,591
humped,28,592
burn,27,593
glowing,27,594
desperate,27,595
thrilling,27,596
haste,27,597
cause,27,598
blackness,27,599
caution,27,600
gladness,27,601
river,27,602
sharp,27,603
fierce,27,604
shown,27,605
making,27,606
weapon,27,607
sides,27,608
white,27,609
fell,27,610
beloved,27,611
dance,26,612
rise,26,613
looking,26,614
greatness,26,615
instruments,26,616
brutish,26,617
tender,26,618
answer,26,619
woman,26,620
shadows,26,621
stir,26,622
smote,26,623
top,26,624
metal,26,625
blood,26,626
suppose,26,627
send,26,628
discover,26,629
wander,25,630
seas,25,631
lacking,25,632
foot,25,633
memories,25,634
listen,25,635
task,25,636
afterwards,25,637
sympathy,25,638
leave,25,639
steadfast,25,640
early,25,641
weakness,24,642
dream,24,643
spoke,24,644
anxious,24,645
gap,24,646
otherwise,24,647
draw,24,648
garment,24,649
ledge,24,650
quietness,24,651
lived,24,652
bid,24,653
act,24,654
tellings,24,655
read,24,656
nowise,24,657
climb,24,658
pool,24,659
records,24,660
book,24,661
mystery,24,662
smoke,24,663
spread,24,664
laughter,24,665
unknown,24,666
feared,24,667
five,24,668
embrasures,23,669
slipt,23,670
steady,23,671
lower,23,672
observation,23,673
thereof,23,674
city,23,675
ages,23,676
gently,23,677
overmuch,23,678
just,23,679
purpose,23,680
labour,23,681
story,23,682
laugh,23,683
cried,22,684
island,22,685
plan,22,686
shaking,22,687
harked,22,688
answered,22,689
doctor,22,690
glare,22,691
health,22,692
minute,22,693
stayed,22,694
cry,22,695
eighteenth,22,696
sense,22,697
strike,22,698
brake,22,699
lift,22,700
upper,22,701
belt,22,702
twelve,22,703
desolation,22,704
shape,22,705
eye,22,706
big,21,707
slug,21,708
creeping,21,709
peer,21,710
cunning,21,711
beneath,21,712
hip,21,713
nowhere,21,714
broken,21,715
mist,21,716
fields,21,717
watching,21,718
broth,21,719
hound,20,720
pits,20,721
weeping,20,722
souls,20,723
point,20,724
conceived,20,725
needful,20,726
consider,20,727
sun,20,728
halt,20,729
stone,20,730
solemn,20,731
ache,20,732
twelfth,20,733
few,20,734
unease,20,735
try,20,736
watched,20,737
felt,20,738
blow,20,739
beginning,20,740
open,20,741
dim,20,742
youth,20,743
opened,20,744
fashion,20,745
shook,20,746
spring,20,747
glory,19,748
suffer,19,749
enough,19,750
stare,19,751
wood,19,752
travel,19,753
roar,19,754
loosed,19,755
learned,19,756
instrument,19,757
room,19,758
happiness,19,759
twice,19,760
torn,19,761
poor,19,762
ancient,19,763
hark,19,764
different,19,765
plentiful,19,766
kind,19,767
sounds,19,768
children,19,769
peculiar,19,770
pleasure,19,771
awake,19,772
nestle,19,773
rather,19,774
preparation,19,775
desire,19,776
stopt,19,777
thinking,19,778
naked,19,779
strove,19,780
writ,19,781
tremble,19,782
feeling,19,783
suit,19,784
sing,18,785
quietly,18,786
laid,18,787
ending,18,788
sweetness,18,789
bright,18,790
thick,18,791
neck,18,792
sufficient,18,793
pace,18,794
count,18,795
stern,18,796
stay,18,797
assurance,18,798
million,18,799
afresh,18,800
adventure,18,801
gotten,18,802
bare,18,803
almost,18,804
spiritual,18,805
compass,18,806
secret,18,807
carried,18,808
later,18,809
father,18,810
roaring,18,811
underground,18,812
knife,18,813
wisely,18,814
sulphur,17,815
beating,17,816
greatly,17,817
upwards,17,818
weariness,17,819
lonesomeness,17,820
sedate,17,821
aware,17,822
path,17,823
fearful,17,824
newly,17,825
volcanoes,17,826
saying,17,827
behind,17,828
tears,17,829
old,17,830
tale,17,831
bred,17,832
angered,17,833
throat,17,834
gaze,17,835
strangeness,17,836
creep,17,837
discovered,17,838
remembering,16,839
senses,16,840
adrift,16,841
excitement,16,842
baying,16,843
note,16,844
everywhere,16,845
pillow,16,846
used,16,847
follow,16,848
crept,16,849
doctors,16,850
sometimes,16,851
northward,16,852
hidden,16,853
slowly,16,854
song,16,855
dying,16,856
beauty,16,857
gate,16,858
pole,16,859
refuse,16,860
escape,16,861
eight,16,862
anxiousness,16,863
multitudes,16,864
weep,16,865
secure,16,866
wear,16,867
score,16,868
stink,16,869
branch,16,870
succour,16,871
loose,16,872
leaped,16,873
length,16,874
want,15,875
giant,15,876
bundle,15,877
door,15,878
abode,15,879
wall,15,880
moving,15,881
squat,15,882
wild,15,883
soft,15,884
dome,15,885
dumb,15,886
touch,15,887
boulder,15,888
voices,15,889
bulk,15,890
thereby,15,891
greyness,15,892
thence,15,893
cup,15,894
green,15,895
thin,15,896
journeyed,15,897
diverse,15,898
anguish,15,899
peril,15,900
whipt,15,901
eating,15,902
spin,15,903
breath,15,904
supposed,15,905
front,15,906
hardness,15,907
drest,15,908
plenty,15,909
thirty,15,910
obey,15,911
someways,15,912
third,15,913
wearied,15,914
thinkings,15,915
washt,15,916
gateway,15,917
abide,14,918
bade,14,919
shadow,14,920
abled,14,921
mother,14,922
peace,14,923
monstruwacans,14,924
swung,14,925
shaped,14,926
fast,14,927
woods,14,928
wait,14,929
tablet,14,930
hall,14,931
vaguely,14,932
searching,14,933
pride,14,934
shoulder,14,935
message,14,936
stoopt,14,937
nearer,14,938
quaint,14,939
empty,14,940
wonders,14,941
madness,14,942
burning,14,943
born,14,944
change,14,945
holiness,14,946
fill,14,947
sand,14,948
snake,14,949
bird,14,950
anon,14,951
wakeful,14,952
therein,14,953
play,14,954
fought,13,955
fountain,13,956
laughed,13,957
utterly,13,958
rough,13,959
waters,13,960
waken,13,961
wounds,13,962
wife,13,963
flying,13,964
strap,13,965
pale,13,966
interest,13,967
thousands,13,968
met,13,969
ointment,13,970
builded,13,971
gathered,13,972
order,13,973
burst,13,974
touched,13,975
onwards,13,976
dancing,13,977
guard,13,978
view,13,979
seeing,13,980
piece,13,981
lose,13,982
yellow,13,983
agree,13,984
bodies,13,985
branches,13,986
whole,13,987
somewhere,13,988
sorrowful,13,989
due,13,990
remembered,13,991
impudence,13,992
saved,13,993
humble,13,994
hushed,13,995
eternal,13,996
return,13,997
lit,13,998
already,12,999
babe,12,1000
properly,12,1001
fancy,12,1002
aye,12,1003
flat,12,1004
middle,12,1005
stop,12,1006
hiding,12,1007
deepness,12,1008
get,12,1009
grief,12,1010
sign,12,1011
catch,12,1012
hunger,12,1013
wind,12,1014
earnest,12,1015
wonderful,12,1016
spied,12,1017
sober,12,1018
win,12,1019
boil,12,1020
humbleness,12,1021
evening,12,1022
nearness,12,1023
weariful,12,1024
mightily,12,1025
foolishly,12,1026
beasts,12,1027
using,12,1028
waking,12,1029
thunder,12,1030
blind,12,1031
roarings,12,1032
harmed,12,1033
apart,12,1034
whispered,12,1035
weight,12,1036
loud,12,1037
machine,12,1038
anywise,12,1039
throw,12,1040
wholesome,12,1041
callings,12,1042
broke,12,1043
singing,11,1044
slips,11,1045
battle,11,1046
luminous,11,1047
anything,11,1048
lacked,11,1049
disgust,11,1050
movement,11,1051
filled,11,1052
murmuring,11,1053
wandering,11,1054
fingers,11,1055
basin,11,1056
histories,11,1057
cautious,11,1058
passing,11,1059
covered,11,1060
feelings,11,1061
climbed,11,1062
sick,11,1063
bear,11,1064
lives,11,1065
sleeping,11,1066
skill,11,1067
whence,11,1068
waywardness,11,1069
bend,11,1070
friend,11,1071
short,11,1072
attend,11,1073
growing,11,1074
wit,11,1075
walkt,11,1076
shinings,11,1077
brave,11,1078
happen,11,1079
screaming,11,1080
forests,11,1081
weapons,11,1082
meant,11,1083
falling,11,1084
tenth,11,1085
longing,11,1086
suffered,11,1087
slugs,11,1088
fore,10,1089
waste,10,1090
destroy,10,1091
despite,10,1092
forgotten,10,1093
shout,10,1094
law,10,1095
elbow,10,1096
manhood,10,1097
attention,10,1098
midst,10,1099
comfortable,10,1100
gain,10,1101
humanity,10,1102
wary,10,1103
westward,10,1104
paces,10,1105
glow,10,1106
build,10,1107
haze,10,1108
wish,10,1109
built,10,1110
disturbance,10,1111
question,10,1112
grave,10,1113
meaning,10,1114
brutes,10,1115
exceeding,10,1116
tenderness,10,1117
prepared,10,1118
whisper,10,1119
often,10,1120
walking,10,1121
influence,10,1122
peered,10,1123
guess,10,1124
downwards,10,1125
clean,10,1126
wakened,10,1127
tales,10,1128
dreadfulness,10,1129
perverseness,10,1130
setting,10,1131
fro,10,1132
led,10,1133
questioned,10,1134
distant,10,1135
fit,10,1136
news,10,1137
void,10,1138
account,10,1139
promise,10,1140
dust,10,1141
straps,10,1142
chase,10,1143
tongue,9,1144
unknowing,9,1145
ear,9,1146
proof,9,1147
direction,9,1148
state,9,1149
beset,9,1150
skin,9,1151
stept,9,1152
breathing,9,1153
determined,9,1154
armed,9,1155
drear,9,1156
breathe,9,1157
prove,9,1158
women,9,1159
trust,9,1160
figure,9,1161
embrasure,9,1162
fifty,9,1163
bent,9,1164
disturbed,9,1165
legs,9,1166
bound,9,1167
stinking,9,1168
stirring,9,1169
breed,9,1170
especial,9,1171
maids,9,1172
boiling,9,1173
ponder,9,1174
leapt,9,1175
narrow,9,1176
astonishment,9,1177
spinning,9,1178
abundance,9,1179
judge,9,1180
bandages,9,1181
chief,9,1182
mischief,9,1183
terrible,9,1184
bewilderment,9,1185
thankful,9,1186
snakes,9,1187
stream,9,1188
thereafter,9,1189
kneel,9,1190
glasses,9,1191
smooth,9,1192
dawn,9,1193
certainty,9,1194
shelter,9,1195
mock,9,1196
taught,9,1197
shield,9,1198
haired,9,1199
sounding,9,1200
visible,9,1201
common,9,1202
horse,9,1203
muttering,9,1204
hungry,9,1205
vest,9,1206
sweetly,9,1207
according,9,1208
improper,9,1209
impudent,9,1210
rested,9,1211
vale,9,1212
closed,9,1213
reasonable,9,1214
vain,9,1215
talked,9,1216
base,9,1217
wiseness,9,1218
wept,9,1219
smell,9,1220
late,9,1221
capsule,9,1222
foul,9,1223
desolate,9,1224
large,9,1225
sureness,9,1226
unsure,9,1227
straight,9,1228
fourth,9,1229
roof,9,1230
shoes,9,1231
spoken,9,1232
willing,9,1233
tried,8,1234
restful,8,1235
mothers,8,1236
waist,8,1237
weakly,8,1238
stunned,8,1239
bigness,8,1240
reality,8,1241
beginnings,8,1242
lonely,8,1243
rebellion,8,1244
hang,8,1245
piping,8,1246
careful,8,1247
waiting,8,1248
masters,8,1249
explain,8,1250
explaining,8,1251
trembling,8,1252
powder,8,1253
hearken,8,1254
break,8,1255
babes,8,1256
countless,8,1257
fourteenth,8,1258
bitterness,8,1259
cover,8,1260
toes,8,1261
seventeen,8,1262
clumsy,8,1263
awakening,8,1264
whistling,8,1265
eighteen,8,1266
thudding,8,1267
calm,8,1268
sounded,8,1269
saving,8,1270
warning,8,1271
sway,8,1272
savage,8,1273
serious,8,1274
attack,8,1275
believed,8,1276
mad,8,1277
ended,8,1278
wotted,8,1279
swoon,8,1280
appear,8,1281
speaking,8,1282
conscious,8,1283
pleased,8,1284
wotting,8,1285
twain,8,1286
considered,8,1287
thundering,8,1288
turning,8,1289
awaredness,8,1290
loost,8,1291
escaped,8,1292
bowed,8,1293
wounded,8,1294
invisible,8,1295
tall,8,1296
pulled,8,1297
thickness,8,1298
slew,8,1299
direct,8,1300
joyous,8,1301
slumbering,8,1302
ward,8,1303
freed,8,1304
wide,8,1305
shaping,8,1306
brutal,8,1307
kill,8,1308
wrapt,8,1309
watchfulness,8,1310
knit,8,1311
dire,8,1312
protect,8,1313
topmost,8,1314
slip,8,1315
chemistry,8,1316
split,8,1317
thankfulness,8,1318
washed,8,1319
become,8,1320
searched,8,1321
lifted,8,1322
gift,8,1323
bide,8,1324
deadly,8,1325
flames,8,1326
best,8,1327
gather,8,1328
lain,8,1329
rubbed,8,1330
fizz,8,1331
inwardly,8,1332
followed,8,1333
guide,8,1334
fathers,8,1335
offward,8,1336
crouched,8,1337
demure,8,1338
teeth,8,1339
emotion,7,1340
loveliness,7,1341
homeward,7,1342
asked,7,1343
kilns,7,1344
newness,7,1345
asleep,7,1346
worn,7,1347
outer,7,1348
enter,7,1349
naturalness,7,1350
forgetting,7,1351
hush,7,1352
lover,7,1353
knee,7,1354
tired,7,1355
naughtily,7,1356
kneeled,7,1357
smile,7,1358
hint,7,1359
emotions,7,1360
fixed,7,1361
bark,7,1362
firm,7,1363
honest,7,1364
maiden,7,1365
throughout,7,1366
ash,7,1367
helpless,7,1368
listening,7,1369
harking,7,1370
softly,7,1371
lightly,7,1372
masterful,7,1373
beg,7,1374
join,7,1375
slave,7,1376
workings,7,1377
happening,7,1378
nurse,7,1379
helpful,7,1380
familiar,7,1381
wrapped,7,1382
adventuring,7,1383
month,7,1384
wrong,7,1385
stalks,7,1386
intention,7,1387
thrust,7,1388
stiff,7,1389
morrow,7,1390
lids,7,1391
moaning,7,1392
stript,7,1393
awe,7,1394
lead,7,1395
wound,7,1396
sob,7,1397
perchance,7,1398
plainly,7,1399
nine,7,1400
sobbing,7,1401
beheld,7,1402
throb,7,1403
oddly,7,1404
amazement,7,1405
ate,7,1406
thrill,7,1407
effort,7,1408
fly,7,1409
adventured,7,1410
harmful,7,1411
mixt,7,1412
plainness,7,1413
fears,7,1414
silver,7,1415
bewildered,7,1416
case,7,1417
court,7,1418
warily,7,1419
rear,7,1420
warned,7,1421
crack,7,1422
wash,7,1423
rub,7,1424
usual,7,1425
reached,7,1426
rule,7,1427
reach,7,1428
scold,7,1429
bruised,7,1430
pondering,7,1431
crying,7,1432
properness,7,1433
rolled,7,1434
reasonings,7,1435
vapour,7,1436
remark,7,1437
cloud,7,1438
clump,7,1439
wakefulness,7,1440
clever,7,1441
sending,7,1442
companion,7,1443
company,7,1444
concern,7,1445
accounted,7,1446
choke,7,1447
condition,7,1448
ring,7,1449
serve,7,1450
wandered,7,1451
constantly,7,1452
possessed,7,1453
broad,7,1454
warn,7,1455
uplifting,7,1456
breaking,7,1457
dazed,7,1458
questions,7,1459
bounding,7,1460
deny,7,1461
desired,7,1462
echo,7,1463
books,7,1464
salute,7,1465
shift,7,1466
pointed,7,1467
poison,7,1468
echoes,7,1469
shone,7,1470
quiver,7,1471
unreal,7,1472
eagerness,7,1473
difference,7,1474
dangers,7,1475
pusht,7,1476
destroyed,7,1477
needle,6,1478
dogs,6,1479
pack,6,1480
freedom,6,1481
doubly,6,1482
fumings,6,1483
push,6,1484
frequent,6,1485
hoarse,6,1486
conquer,6,1487
regret,6,1488
doorways,6,1489
history,6,1490
serpents,6,1491
prepare,6,1492
avoid,6,1493
surprise,6,1494
wishful,6,1495
museum,6,1496
clothing,6,1497
forgetfulness,6,1498
failed,6,1499
fain,6,1500
imaginings,6,1501
multitude,6,1502
ill,6,1503
forget,6,1504
sunset,6,1505
ignorance,6,1506
spaces,6,1507
shy,6,1508
slaying,6,1509
mutter,6,1510
command,6,1511
drawn,6,1512
southward,6,1513
renewed,6,1514
vision,6,1515
herd,6,1516
allowed,6,1517
whispering,6,1518
hero,6,1519
hedge,6,1520
boar,6,1521
tempt,6,1522
shelf,6,1523
crave,6,1524
fist,6,1525
shame,6,1526
number,6,1527
slumbered,6,1528
obedience,6,1529
shouting,6,1530
parting,6,1531
fizzing,6,1532
glimmer,6,1533
handle,6,1534
flash,6,1535
growths,6,1536
observe,6,1537
tended,6,1538
uphold,6,1539
gript,6,1540
raised,6,1541
grip,6,1542
cryings,6,1543
got,6,1544
real,6,1545
therewith,6,1546
next,6,1547
deeply,6,1548
awearied,6,1549
write,6,1550
upright,6,1551
sorely,6,1552
torches,6,1553
field,6,1554
patience,6,1555
recording,6,1556
fifth,6,1557
healthful,6,1558
noises,6,1559
shallow,6,1560
counted,6,1561
vainly,6,1562
hardy,6,1563
dealt,6,1564
general,6,1565
cousin,6,1566
bill,6,1567
finished,6,1568
clothed,6,1569
happenings,6,1570
practice,6,1571
hump,6,1572
warmed,6,1573
scent,6,1574
minds,6,1575
pity,6,1576
cheerful,6,1577
splendour,6,1578
assure,6,1579
piteous,6,1580
stress,6,1581
stretched,6,1582
marvel,6,1583
strict,6,1584
loneliness,6,1585
salvation,6,1586
wondered,6,1587
sixteen,6,1588
marriage,6,1589
assuredness,6,1590
existence,6,1591
step,6,1592
stranger,6,1593
struck,6,1594
wayward,6,1595
leaping,6,1596
leaned,6,1597
learning,6,1598
watchers,6,1599
watchful,6,1600
screamed,6,1601
signal,6,1602
uncertain,6,1603
plaiting,6,1604
plait,6,1605
carrying,6,1606
rolling,6,1607
means,6,1608
rush,6,1609
cavern,6,1610
lifts,6,1611
sad,6,1612
jet,6,1613
stride,6,1614
mood,6,1615
pieces,6,1616
lumbersome,6,1617
picture,6,1618
sickened,6,1619
silently,6,1620
instead,6,1621
reverence,6,1622
ugly,6,1623
lowest,6,1624
lying,6,1625
blame,6,1626
drive,6,1627
pocket,6,1628
working,6,1629
dress,6,1630
struggle,6,1631
main,6,1632
manner,6,1633
arranging,5,1634
friendly,5,1635
obeyed,5,1636
uprising,5,1637
smelled,5,1638
sternness,5,1639
threw,5,1640
armoured,5,1641
anywheres,5,1642
level,5,1643
usage,5,1644
stole,5,1645
lurk,5,1646
crouch,5,1647
guardian,5,1648
test,5,1649
guessed,5,1650
bubbling,5,1651
thrilled,5,1652
tease,5,1653
pure,5,1654
cross,5,1655
measureless,5,1656
desiring,5,1657
maidenhood,5,1658
makers,5,1659
stark,5,1660
quaintly,5,1661
mate,5,1662
gladly,5,1663
balance,5,1664
opening,5,1665
longer,5,1666
bethought,5,1667
bore,5,1668
unwisdom,5,1669
defence,5,1670
bosom,5,1671
thine,5,1672
borne,5,1673
queer,5,1674
gases,5,1675
fury,5,1676
lovers,5,1677
garden,5,1678
bathe,5,1679
glance,5,1680
listened,5,1681
bathed,5,1682
sake,5,1683
approve,5,1684
thatwise,5,1685
goodness,5,1686
goings,5,1687
smite,5,1688
bared,5,1689
danced,5,1690
outwards,5,1691
littleness,5,1692
smiting,5,1693
thoughtful,5,1694
aright,5,1695
steadfastly,5,1696
breathings,5,1697
useless,5,1698
cloth,5,1699
spying,5,1700
taste,5,1701
report,5,1702
secretly,5,1703
inwards,5,1704
attempt,5,1705
moments,5,1706
howling,5,1707
compose,5,1708
circumstance,5,1709
allow,5,1710
horridness,5,1711
horridly,5,1712
modesty,5,1713
jest,5,1714
sensible,5,1715
reversed,5,1716
swayed,5,1717
serpent,5,1718
needless,5,1719
sweat,5,1720
reproach,5,1721
forgot,5,1722
self,5,1723
colour,5,1724
subtly,5,1725
spent,5,1726
clouds,5,1727
spider,5,1728
seek,5,1729
suffering,5,1730
volcano,5,1731
respect,5,1732
mud,5,1733
monstrousness,5,1734
resolve,5,1735
murmur,5,1736
climbing,5,1737
cliffs,5,1738
rescue,5,1739
moon,5,1740
stumblings,5,1741
hung,5,1742
moan,5,1743
walls,5,1744
hither,5,1745
success,5,1746
caverns,5,1747
healed,5,1748
tables,5,1749
hasten,5,1750
roll,5,1751
reasoning,5,1752
bleed,5,1753
straightly,5,1754
rearward,5,1755
laboured,5,1756
mercy,5,1757
cannot,5,1758
nose,5,1759
springs,5,1760
blindly,5,1761
lean,5,1762
crawl,5,1763
nowheres,5,1764
wet,5,1765
knowings,5,1766
hit,5,1767
chased,5,1768
missed,5,1769
needs,5,1770
assured,5,1771
keeping,5,1772
worked,5,1773
kin,5,1774
ript,5,1775
continually,5,1776
continue,5,1777
seventh,5,1778
seventeenth,5,1779
sealed,5,1780
charge,5,1781
heat,5,1782
answering,5,1783
hearty,5,1784
aided,5,1785
contrary,5,1786
form,5,1787
ab,5,1788
position,5,1789
slender,5,1790
final,5,1791
shut,5,1792
doorway,5,1793
double,5,1794
uncomfortable,5,1795
pleasant,5,1796
plants,5,1797
pitiful,5,1798
dropt,5,1799
showing,5,1800
development,5,1801
dismal,5,1802
action,5,1803
slowness,5,1804
fallen,5,1805
duty,5,1806
extremity,5,1807
peaceful,5,1808
perverse,5,1809
paddle,5,1810
begun,5,1811
fifteenth,5,1812
tore,5,1813
slime,5,1814
pretend,5,1815
pretending,5,1816
distress,5,1817
paused,5,1818
fail,5,1819
failing,5,1820
figures,5,1821
failure,5,1822
signed,5,1823
dog,5,1824
dried,5,1825
simple,5,1826
dial,5,1827
determination,5,1828
pinch,5,1829
essence,5,1830
pull,5,1831
dusk,5,1832
farther,5,1833
believing,5,1834
triumph,5,1835
expectation,5,1836
farewell,5,1837
sitting,5,1838
directly,5,1839
discovery,5,1840
trial,5,1841
duties,5,1842
flesh,5,1843
sixteenth,5,1844
sly,5,1845
possession,5,1846
pluckt,5,1847
towers,5,1848
somewhiles,4,1849
sane,4,1850
boy,4,1851
corner,4,1852
subtile,4,1853
hasty,4,1854
taint,4,1855
son,4,1856
entrance,4,1857
agony,4,1858
morning,4,1859
stupid,4,1860
reasons,4,1861
exercises,4,1862
shaked,4,1863
submit,4,1864
heads,4,1865
sky,4,1866
soil,4,1867
shrouded,4,1868
ahead,4,1869
songs,4,1870
star,4,1871
bind,4,1872
headland,4,1873
shaft,4,1874
headlong,4,1875
faces,4,1876
chin,4,1877
somewheres,4,1878
experiment,4,1879
crown,4,1880
drove,4,1881
happened,4,1882
crabs,4,1883
poured,4,1884
shamed,4,1885
jarles,4,1886
clad,4,1887
crackt,4,1888
steer,4,1889
jealousy,4,1890
shoutings,4,1891
craved,4,1892
lofty,4,1893
yesterday,4,1894
pot,4,1895
whistle,4,1896
hallowed,4,1897
stronger,4,1898
guiding,4,1899
drinking,4,1900
clearness,4,1901
mocking,4,1902
shouted,4,1903
intend,4,1904
signs,4,1905
counting,4,1906
breakfast,4,1907
sicken,4,1908
finger,4,1909
wakening,4,1910
security,4,1911
covering,4,1912
talkt,4,1913
anew,4,1914
stumbling,4,1915
backwards,4,1916
principle,4,1917
ninth,4,1918
tube,4,1919
earlier,4,1920
belts,4,1921
composed,4,1922
yearn,4,1923
shyness,4,1924
prayers,4,1925
dreamed,4,1926
doubted,4,1927
persist,4,1928
nay,4,1929
husky,4,1930
alive,4,1931
fathoms,4,1932
remained,4,1933
sensitive,4,1934
year,4,1935
bellowing,4,1936
needed,4,1937
dreaming,4,1938
weaken,4,1939
wherefore,4,1940
rejoicing,4,1941
resist,4,1942
comforted,4,1943
aloud,4,1944
weakened,4,1945
dozen,4,1946
lightness,4,1947
reply,4,1948
entered,4,1949
perfect,4,1950
rustling,4,1951
arose,4,1952
training,4,1953
whisperings,4,1954
names,4,1955
companied,4,1956
single,4,1957
hungered,4,1958
companionship,4,1959
pondered,4,1960
pray,4,1961
brood,4,1962
houses,4,1963
compare,4,1964
complement,4,1965
wishings,4,1966
spare,4,1967
dreamings,4,1968
toucht,4,1969
waited,4,1970
hence,4,1971
energy,4,1972
soreness,4,1973
brightness,4,1974
tread,4,1975
helped,4,1976
restless,4,1977
bruisings,4,1978
heeding,4,1979
heedful,4,1980
heeded,4,1981
wondering,4,1982
press,4,1983
stirrings,4,1984
prest,4,1985
heavens,4,1986
nights,4,1987
library,4,1988
redness,4,1989
libraries,4,1990
inner,4,1991
uneasy,4,1992
safeness,4,1993
pools,4,1994
imagining,4,1995
clung,4,1996
limbs,4,1997
understood,4,1998
immediate,4,1999
fairy,4,2000
person,4,2001
fearsome,4,2002
worse,4,2003
nestled,4,2004
womanhood,4,2005
travelled,4,2006
coldness,4,2007
victory,4,2008
lies,4,2009
coax,4,2010
hideous,4,2011
meal,4,2012
regarding,4,2013
amazed,4,2014
sufficiency,4,2015
service,4,2016
wickedness,4,2017
tempted,4,2018
stroke,4,2019
wits,4,2020
race,4,2021
charity,4,2022
dumbly,4,2023
bareness,4,2024
lash,4,2025
stared,4,2026
aschoff,4,2027
flow,4,2028
glamour,4,2029
shed,4,2030
painful,4,2031
affect,4,2032
easily,4,2033
flowers,4,2034
roadway,4,2035
fulfilment,4,2036
blaze,4,2037
girt,4,2038
girl,4,2039
dared,4,2040
gleeful,4,2041
thousandth,4,2042
unprepared,4,2043
threaten,4,2044
acting,4,2045
floor,4,2046
steadied,4,2047
dimness,4,2048
beware,4,2049
deeper,4,2050
smiling,4,2051
kissing,4,2052
therefrom,4,2053
dimly,4,2054
gloomy,4,2055
rage,4,2056
abrupt,4,2057
dare,4,2058
puzzle,4,2059
placed,4,2060
messages,4,2061
lanthorns,4,2062
winds,4,2063
paddles,4,2064
eleventh,4,2065
deathly,4,2066
everyway,4,2067
border,4,2068
ordinary,4,2069
dulled,4,2070
gasp,4,2071
lackt,4,2072
thirteenth,4,2073
booming,4,2074
straightway,4,2075
deed,4,2076
rogue,4,2077
portion,4,2078
boots,4,2079
trunk,4,2080
ruddy,4,2081
uncertainty,4,2082
sir,4,2083
dearly,4,2084
whip,4,2085
elsewhere,4,2086
pained,4,2087
plight,4,2088
fumes,4,2089
yield,4,2090
marked,4,2091
questionings,4,2092
gentleness,4,2093
lungs,4,2094
thigh,4,2095
barrier,4,2096
least,4,2097
simplicity,4,2098
deal,4,2099
borders,4,2100
dullness,4,2101
furious,4,2102
bath,4,2103
troubling,4,2104
saplings,4,2105
foreign,4,2106
oddwhiles,4,2107
manage,4,2108
denied,4,2109
unnatural,4,2110
steadily,4,2111
grasp,4,2112
pant,4,2113
equal,4,2114
calmness,4,2115
excited,4,2116
forthwith,4,2117
depth,4,2118
occur,4,2119
ships,4,2120
grimness,4,2121
upstanding,4,2122
scorpions,4,2123
stooped,4,2124
staff,4,2125
woke,4,2126
mend,4,2127
planned,4,2128
chide,4,2129
sayings,4,2130
throbbing,4,2131
justice,4,2132
stagger,4,2133
washing,4,2134
drowse,4,2135
shapen,4,2136
bounded,4,2137
loss,4,2138
fortune,4,2139
laught,4,2140
puddle,4,2141
eighth,4,2142
tend,4,2143
cheek,4,2144
flashings,4,2145
trustful,4,2146
rat,4,2147
golden,4,2148
cared,4,2149
latter,4,2150
childhood,4,2151
killed,4,2152
judgement,4,2153
minutes,4,2154
smaller,4,2155
flog,4,2156
pursuer,4,2157
kick,4,2158
approach,4,2159
graceful,4,2160
actions,4,2161
grace,4,2162
shoot,4,2163
flight,4,2164
ware,3,2165
burstings,3,2166
casting,3,2167
sung,3,2168
resolving,3,2169
planning,3,2170
rushed,3,2171
fancies,3,2172
alter,3,2173
withhold,3,2174
methods,3,2175
wordless,3,2176
impertinence,3,2177
perils,3,2178
merry,3,2179
calmed,3,2180
hundreds,3,2181
busied,3,2182
lasht,3,2183
spreaded,3,2184
atmosphere,3,2185
stories,3,2186
whiteness,3,2187
idle,3,2188
western,3,2189
hurts,3,2190
dreamful,3,2191
beings,3,2192
entice,3,2193
faithfulness,3,2194
root,3,2195
trusted,3,2196
dully,3,2197
arrange,3,2198
eternally,3,2199
hunting,3,2200
lap,3,2201
comes,3,2202
supplication,3,2203
plans,3,2204
wenches,3,2205
blinded,3,2206
dreadness,3,2207
faith,3,2208
lane,3,2209
rightly,3,2210
plague,3,2211
suited,3,2212
plateau,3,2213
circling,3,2214
stretch,3,2215
except,3,2216
size,3,2217
students,3,2218
watchman,3,2219
rip,3,2220
explainings,3,2221
study,3,2222
irked,3,2223
praise,3,2224
explanation,3,2225
inwardness,3,2226
whistlings,3,2227
lengthened,3,2228
chest,3,2229
cheered,3,2230
stuff,3,2231
spine,3,2232
cheer,3,2233
modified,3,2234
advantage,3,2235
strongly,3,2236
trod,3,2237
mists,3,2238
buckled,3,2239
joyful,3,2240
uncouth,3,2241
choked,3,2242
wetness,3,2243
ridge,3,2244
seat,3,2245
rich,3,2246
joints,3,2247
expect,3,2248
blast,3,2249
circles,3,2250
scolded,3,2251
animals,3,2252
miss,3,2253
jesting,3,2254
expecting,3,2255
astonished,3,2256
stumbled,3,2257
strave,3,2258
cleansing,3,2259
works,3,2260
mildewed,3,2261
mistress,3,2262
fact,3,2263
treat,3,2264
centre,3,2265
central,3,2266
labours,3,2267
ceasing,3,2268
bruising,3,2269
bleak,3,2270
caves,3,2271
abyss,3,2272
lad,3,2273
dreary,3,2274
burial,3,2275
suffice,3,2276
rockt,3,2277
rocky,3,2278
voyage,3,2279
liberty,3,2280
facing,3,2281
extraordinary,3,2282
woeful,3,2283
kindly,3,2284
tumult,3,2285
wanderings,3,2286
clearly,3,2287
months,3,2288
turmoil,3,2289
drip,3,2290
intelligence,3,2291
chattel,3,2292
powerless,3,2293
examination,3,2294
risk,3,2295
eyelids,3,2296
meddle,3,2297
instantly,3,2298
woe,3,2299
roared,3,2300
cling,3,2301
dryness,3,2302
commanded,3,2303
pay,3,2304
bloody,3,2305
grass,3,2306
offwards,3,2307
uplifted,3,2308
sanity,3,2309
curve,3,2310
bother,3,2311
offend,3,2312
wings,3,2313
gleam,3,2314
sang,3,2315
curl,3,2316
blows,3,2317
curiously,3,2318
share,3,2319
steal,3,2320
flogged,3,2321
lot,3,2322
sharply,3,2323
uplands,3,2324
palms,3,2325
palm,3,2326
easier,3,2327
thereabout,3,2328
lout,3,2329
rags,3,2330
glutton,3,2331
therefore,3,2332
dangerous,3,2333
gloves,3,2334
arc,3,2335
thereon,3,2336
glimmering,3,2337
cure,3,2338
rare,3,2339
cunningly,3,2340
togetherness,3,2341
tear,3,2342
wrung,3,2343
beauteous,3,2344
particularness,3,2345
obedient,3,2346
trail,3,2347
discomfort,3,2348
crost,3,2349
balanced,3,2350
unknowingly,3,2351
guarded,3,2352
parted,3,2353
emptyness,3,2354
park,3,2355
wideness,3,2356
dipt,3,2357
unless,3,2358
band,3,2359
growling,3,2360
shapely,3,2361
softness,3,2362
married,3,2363
urged,3,2364
crush,3,2365
urge,3,2366
actual,3,2367
ado,3,2368
looming,3,2369
stealthy,3,2370
wipe,3,2371
sank,3,2372
sapling,3,2373
nurst,3,2374
machinery,3,2375
starved,3,2376
week,3,2377
friends,3,2378
friendship,3,2379
smelling,3,2380
frightened,3,2381
electric,3,2382
whimsies,3,2383
defyings,3,2384
frozen,3,2385
developing,3,2386
shores,3,2387
starkness,3,2388
proved,3,2389
forced,3,2390
fret,3,2391
pursued,3,2392
forehead,3,2393
thrillings,3,2394
weeks,3,2395
forest,3,2396
shock,3,2397
boilings,3,2398
wildness,3,2399
echoings,3,2400
wilderness,3,2401
forty,3,2402
bell,3,2403
malice,3,2404
stars,3,2405
unseen,3,2406
proud,3,2407
folly,3,2408
differing,3,2409
dearest,3,2410
thereto,3,2411
giving,3,2412
embroidering,3,2413
eastern,3,2414
pains,3,2415
girdle,3,2416
steadfastness,3,2417
lovingness,3,2418
ghosts,3,2419
generations,3,2420
twilight,3,2421
questioning,3,2422
dealings,3,2423
pads,3,2424
lumbering,3,2425
thirtieth,3,2426
ordered,3,2427
orderly,3,2428
deaths,3,2429
deceive,3,2430
protector,3,2431
organs,3,2432
gardens,3,2433
quality,3,2434
quaking,3,2435
besought,3,2436
gained,3,2437
beaten,3,2438
thirteen,3,2439
difficult,3,2440
won,3,2441
guessing,3,2442
blown,3,2443
feed,3,2444
hitherto,3,2445
signalled,3,2446
please,3,2447
line,3,2448
confessed,3,2449
confidence,3,2450
hind,3,2451
himself,3,2452
awakened,3,2453
sorrows,3,2454
confounded,3,2455
vibrations,3,2456
confusion,3,2457
servants,3,2458
doings,3,2459
abiding,3,2460
brisk,3,2461
heroes,3,2462
whereon,3,2463
added,3,2464
contain,3,2465
refrain,3,2466
argument,3,2467
contentment,3,2468
enemies,3,2469
nicely,3,2470
niceness,3,2471
reek,3,2472
swing,3,2473
heaved,3,2474
fearfulness,3,2475
awaken,3,2476
sought,3,2477
wished,3,2478
drawing,3,2479
tradition,3,2480
visions,3,2481
blotched,3,2482
worship,3,2483
perceiving,3,2484
companioned,3,2485
forgiven,3,2486
surer,3,2487
surged,3,2488
stillness,3,2489
complete,3,2490
villages,3,2491
track,3,2492
attract,3,2493
attracted,3,2494
surprising,3,2495
surround,3,2496
suspend,3,2497
hopes,3,2498
army,3,2499
hookt,3,2500
viewing,3,2501
pen,3,2502
honesty,3,2503
apparent,3,2504
homely,3,2505
needing,3,2506
wicked,3,2507
topt,3,2508
contented,3,2509
awesome,3,2510
lock,3,2511
achieve,3,2512
primal,3,2513
salutation,3,2514
achieved,3,2515
swooned,3,2516
beckon,3,2517
steered,3,2518
cozy,3,2519
standing,3,2520
loathing,3,2521
someway,3,2522
handy,3,2523
bad,3,2524
notice,3,2525
notings,3,2526
previous,3,2527
marvelled,3,2528
endeavour,3,2529
fists,3,2530
steep,3,2531
crawling,3,2532
lone,3,2533
reading,3,2534
unity,3,2535
sombre,3,2536
hairs,3,2537
readiness,3,2538
promised,3,2539
haft,3,2540
numbers,3,2541
passionate,3,2542
finish,3,2543
fifteen,3,2544
distances,3,2545
receive,3,2546
awkward,3,2547
control,3,2548
ends,3,2549
ached,3,2550
nineteen,3,2551
nod,3,2552
sling,3,2553
bellow,3,2554
stench,3,2555
counter,3,2556
record,3,2557
normal,3,2558
course,3,2559
schools,2,2560
staggered,2,2561
satisfying,2,2562
saucy,2,2563
march,2,2564
rustle,2,2565
scorpion,2,2566
polished,2,2567
appearance,2,2568
ponderings,2,2569
ability,2,2570
sadness,2,2571
playful,2,2572
stampt,2,2573
staring,2,2574
mated,2,2575
mark,2,2576
rumour,2,2577
pointing,2,2578
sanely,2,2579
scars,2,2580
maps,2,2581
stamp,2,2582
sink,2,2583
map,2,2584
poisonous,2,2585
stained,2,2586
anywhere,2,2587
plant,2,2588
marvellous,2,2589
youthful,2,2590
pleasuring,2,2591
playfulness,2,2592
staggering,2,2593
mazed,2,2594
slyly,2,2595
removed,2,2596
meeting,2,2597
sobbed,2,2598
sloped,2,2599
occupied,2,2600
slopes,2,2601
sobs,2,2602
oceans,2,2603
shapes,2,2604
shapings,2,2605
shared,2,2606
sharks,2,2607
snow,2,2608
row,2,2609
rang,2,2610
achings,2,2611
raise,2,2612
oh,2,2613
rain,2,2614
oneness,2,2615
acknowledge,2,2616
affright,2,2617
rack,2,2618
occasion,2,2619
observings,2,2620
observed,2,2621
raw,2,2622
noted,2,2623
passion,2,2624
realness,2,2625
proceed,2,2626
realise,2,2627
prodigious,2,2628
someone,2,2629
profit,2,2630
wrist,2,2631
aching,2,2632
passage,2,2633
wrinklings,2,2634
numbness,2,2635
slippery,2,2636
solemnly,2,2637
reaching,2,2638
prompt,2,2639
aesworpth,2,2640
soiled,2,2641
smother,2,2642
sheer,2,2643
quite,2,2644
affinity,2,2645
putting,2,2646
overhang,2,2647
slumbrous,2,2648
overnear,2,2649
public,2,2650
pushed,2,2651
puffings,2,2652
pursue,2,2653
overset,2,2654
affecting,2,2655
shiver,2,2656
oversound,2,2657
shod,2,2658
smashed,2,2659
overward,2,2660
punish,2,2661
pumps,2,2662
pulse,2,2663
affection,2,2664
puzzlement,2,2665
outside,2,2666
pair,2,2667
outraged,2,2668
quickness,2,2669
opposed,2,2670
acquaintance,2,2671
protecting,2,2672
protection,2,2673
smoking,2,2674
paid,2,2675
pages,2,2676
sheltered,2,2677
ordained,2,2678
paddling,2,2679
sheltering,2,2680
smokes,2,2681
shifted,2,2682
wriggle,2,2683
otherwhiles,2,2684
packt,2,2685
outcry,2,2686
pyramids,2,2687
pluck,2,2688
northwards,2,2689
reasoned,2,2690
mockery,2,2691
angry,2,2692
monstrosity,2,2693
admirings,2,2694
admiring,2,2695
sickness,2,2696
returned,2,2697
moonlight,2,2698
result,2,2699
mortal,2,2700
spended,2,2701
workt,2,2702
mostly,2,2703
rests,2,2704
physical,2,2705
slapt,2,2706
mounds,2,2707
yeast,2,2708
seemings,2,2709
seemly,2,2710
moderate,2,2711
spirt,2,2712
muscles,2,2713
mistaken,2,2714
sights,2,2715
portend,2,2716
romance,2,2717
sprang,2,2718
spouting,2,2719
advanced,2,2720
abomination,2,2721
robe,2,2722
roars,2,2723
roadways,2,2724
abounded,2,2725
wrought,2,2726
wrote,2,2727
positions,2,2728
possess,2,2729
advantaging,2,2730
miserable,2,2731
misery,2,2732
possible,2,2733
resolved,2,2734
require,2,2735
prevent,2,2736
worthy,2,2737
shudders,2,2738
peak,2,2739
airships,2,2740
regard,2,2741
served,2,2742
slide,2,2743
refused,2,2744
refreshed,2,2745
preserve,2,2746
slim,2,2747
shudder,2,2748
redly,2,2749
seventy,2,2750
nods,2,2751
shafts,2,2752
received,2,2753
shrill,2,2754
aches,2,2755
add,2,2756
male,2,2757
regular,2,2758
music,2,2759
seriously,2,2760
spanned,2,2761
slayers,2,2762
reprove,2,2763
reproof,2,2764
mysteries,2,2765
myths,2,2766
reproached,2,2767
replied,2,2768
nakedness,2,2769
perched,2,2770
rend,2,2771
nations,2,2772
natty,2,2773
remembrance,2,2774
sleepy,2,2775
neat,2,2776
alison,2,2777
separate,2,2778
pegs,2,2779
nostrils,2,2780
weighty,2,2781
makings,2,2782
unborn,2,2783
eaten,2,2784
eastward,2,2785
unable,2,2786
easeful,2,2787
earthquake,2,2788
earn,2,2789
earliest,2,2790
eagerly,2,2791
dwell,2,2792
efforts,2,2793
dumpings,2,2794
dumbness,2,2795
drying,2,2796
uncountable,2,2797
drowsy,2,2798
uncounted,2,2799
uncover,2,2800
uncovered,2,2801
twitch,2,2802
elephants,2,2803
expressing,2,2804
tune,2,2805
exclaim,2,2806
exchange,2,2807
exceed,2,2808
troublesome,2,2809
examined,2,2810
truce,2,2811
estates,2,2812
estate,2,2813
entreat,2,2814
eleven,2,2815
entire,2,2816
beliefs,2,2817
enormous,2,2818
tusks,2,2819
endure,2,2820
encouragement,2,2821
twentieth,2,2822
enchantment,2,2823
dropped,2,2824
driven,2,2825
drippings,2,2826
unthinking,2,2827
unrealness,2,2828
devising,2,2829
developed,2,2830
determine,2,2831
unseemly,2,2832
unselfishness,2,2833
despairing,2,2834
deserving,2,2835
descend,2,2836
dripping,2,2837
unthought,2,2838
beslimed,2,2839
untouched,2,2840
deliver,2,2841
delights,2,2842
besmirched,2,2843
delay,2,2844
defying,2,2845
unquiet,2,2846
beseeching,2,2847
difficulty,2,2848
dig,2,2849
dressed,2,2850
dree,2,2851
dreadly,2,2852
doubtless,2,2853
divided,2,2854
diversely,2,2855
disturbing,2,2856
disturb,2,2857
unending,2,2858
distaste,2,2859
dispute,2,2860
unfilling,2,2861
unharmed,2,2862
discovering,2,2863
directed,2,2864
unneedful,2,2865
dignity,2,2866
trimmed,2,2867
trembled,2,2868
gruntle,2,2869
formed,2,2870
thorns,2,2871
fume,2,2872
fully,2,2873
threatening,2,2874
fright,2,2875
bay,2,2876
wilful,2,2877
fortunate,2,2878
thrown,2,2879
game,2,2880
thrusting,2,2881
thunderous,2,2882
fool,2,2883
following,2,2884
folded,2,2885
fold,2,2886
fog,2,2887
fluttered,2,2888
gallop,2,2889
gates,2,2890
extreme,2,2891
greatest,2,2892
growth,2,2893
wiped,2,2894
groves,2,2895
groupt,2,2896
grounds,2,2897
groan,2,2898
gripe,2,2899
tense,2,2900
winsome,2,2901
gathering,2,2902
bands,2,2903
terribly,2,2904
thatwards,2,2905
glut,2,2906
gleaming,2,2907
glaring,2,2908
gladsome,2,2909
bases,2,2910
tie,2,2911
tied,2,2912
flown,2,2913
fanciful,2,2914
touching,2,2915
fearless,2,2916
fearing,2,2917
favour,2,2918
faults,2,2919
wholesomeness,2,2920
fasting,2,2921
fasten,2,2922
false,2,2923
tier,2,2924
fair,2,2925
travels,2,2926
befriended,2,2927
appeared,2,2928
treasure,2,2929
fade,2,2930
faced,2,2931
treated,2,2932
totter,2,2933
female,2,2934
festival,2,2935
torment,2,2936
tiger,2,2937
tight,2,2938
till,2,2939
tiredness,2,2940
flare,2,2941
toilet,2,2942
toilets,2,2943
tokens,2,2944
fixedly,2,2945
fitted,2,2946
fitful,2,2947
fish,2,2948
became,2,2949
fine,2,2950
beckoned,2,2951
filling,2,2952
fightings,2,2953
defiance,2,2954
unwise,2,2955
deeps,2,2956
chiefly,2,2957
wakings,2,2958
circumstances,2,2959
chosen,2,2960
chose,2,2961
walks,2,2962
choice,2,2963
chilled,2,2964
childlike,2,2965
chests,2,2966
claws,2,2967
chemical,2,2968
chasm,2,2969
chasing,2,2970
charm,2,2971
wanted,2,2972
charged,2,2973
wanton,2,2974
wantonness,2,2975
wakes,2,2976
clearer,2,2977
unwisely,2,2978
comb,2,2979
comment,2,2980
commended,2,2981
commend,2,2982
comforting,2,2983
birthing,2,2984
bite,2,2985
combed,2,2986
voiceless,2,2987
column,2,2988
cleverness,2,2989
coloured,2,2990
whereby,2,2991
coast,2,2992
wade,2,2993
wail,2,2994
wailing,2,2995
clog,2,2996
clods,2,2997
changed,2,2998
chanced,2,2999
war,2,3000
wearily,2,3001
brow,2,3002
brothers,2,3003
blotchings,2,3004
blowing,2,3005
breeding,2,3006
breathless,2,3007
breathed,2,3008
breadth,2,3009
bow,2,3010
chafe,2,3011
bounds,2,3012
boundings,2,3013
welcome,2,3014
boot,2,3015
bones,2,3016
boldness,2,3017
boiled,2,3018
blush,2,3019
wavering,2,3020
bruises,2,3021
brush,2,3022
bubble,2,3023
blazing,2,3024
centuries,2,3025
causeway,2,3026
causes,2,3027
wards,2,3028
bleeding,2,3029
careless,2,3030
camp,2,3031
blessedness,2,3032
warts,2,3033
bygone,2,3034
button,2,3035
business,2,3036
burden,2,3037
watchmen,2,3038
builders,2,3039
buckle,2,3040
communication,2,3041
companions,2,3042
violence,2,3043
cruel,2,3044
uplift,2,3045
custom,2,3046
upliftedness,2,3047
curiousness,2,3048
curious,2,3049
curiosity,2,3050
cumbrous,2,3051
cumbered,2,3052
crude,2,3053
utterness,2,3054
crowded,2,3055
crowd,2,3056
crops,2,3057
cries,2,3058
crescent,2,3059
bight,2,3060
utmost,2,3061
crash,2,3062
daily,2,3063
dank,2,3064
dankness,2,3065
daring,2,3066
deeds,2,3067
deciding,2,3068
decide,2,3069
unwitting,2,3070
deathless,2,3071
unwittingly,2,3072
dealing,2,3073
unwotting,2,3074
deadness,2,3075
bestir,2,3076
daze,2,3077
upbringing,2,3078
upbursting,2,3079
dasht,2,3080
darksome,2,3081
upheld,2,3082
darkening,2,3083
uttermost,2,3084
coverlid,2,3085
village,2,3086
confused,2,3087
ventured,2,3088
verily,2,3089
constrained,2,3090
binding,2,3091
vessel,2,3092
considering,2,3093
vibration,2,3094
congregate,2,3095
victual,2,3096
courtesy,2,3097
condemned,2,3098
condemn,2,3099
birth,2,3100
concerned,2,3101
conceptions,2,3102
conceit,2,3103
comradeship,2,3104
vigour,2,3105
venture,2,3106
continual,2,3107
continued,2,3108
contradiction,2,3109
billows,2,3110
countries,2,3111
cough,2,3112
cosy,2,3113
correction,2,3114
vanish,2,3115
corn,2,3116
vanished,2,3117
cord,2,3118
vanity,2,3119
vapours,2,3120
converse,2,3121
convenient,2,3122
varied,2,3123
various,2,3124
contrive,2,3125
vastly,2,3126
grunted,2,3127
treading,2,3128
ball,2,3129
support,2,3130
husbandry,2,3131
hurtful,2,3132
hurry,2,3133
hurried,2,3134
hurled,2,3135
hundredth,2,3136
wither,2,3137
sunsets,2,3138
humps,2,3139
humming,2,3140
attacks,2,3141
humanness,2,3142
humanly,2,3143
hum,2,3144
sunshine,2,3145
sunken,2,3146
hugged,2,3147
infernal,2,3148
stupendous,2,3149
asunder,2,3150
insist,2,3151
subtle,2,3152
inquired,2,3153
inhabit,2,3154
succoured,2,3155
sunk,2,3156
suchlike,2,3157
athlete,2,3158
incredibly,2,3159
incredible,2,3160
impudently,2,3161
guidance,2,3162
hull,2,3163
hugeness,2,3164
intending,2,3165
helping,2,3166
sweep,2,3167
hillock,2,3168
awaking,2,3169
sweetened,2,3170
swell,2,3171
swept,2,3172
swiftness,2,3173
holding,2,3174
swim,2,3175
heedless,2,3176
heaviness,2,3177
heavily,2,3178
switch,2,3179
hearted,2,3180
hissing,2,3181
awaked,2,3182
hug,2,3183
horrible,2,3184
however,2,3185
surge,2,3186
wistful,2,3187
hotness,2,3188
horses,2,3189
horrors,2,3190
surrounded,2,3191
swaying,2,3192
swallowed,2,3193
hoping,2,3194
hopefulness,2,3195
hopeful,2,3196
swarm,2,3197
await,2,3198
intended,2,3199
intensity,2,3200
awoke,2,3201
stony,2,3202
stinging,2,3203
lifting,2,3204
lend,2,3205
stolen,2,3206
leg,2,3207
ledges,2,3208
leathern,2,3209
likened,2,3210
leapings,2,3211
stoop,2,3212
leanness,2,3213
leaf,2,3214
leading,2,3215
leader,2,3216
sting,2,3217
stilled,2,3218
lawn,2,3219
wonderings,2,3220
starve,2,3221
machines,2,3222
lumbered,2,3223
lowermost,2,3224
approached,2,3225
wonderment,2,3226
loom,2,3227
liking,2,3228
steaming,2,3229
loathsome,2,3230
loath,2,3231
stepped,2,3232
lines,2,3233
stiffness,2,3234
stopped,2,3235
lashing,2,3236
astray,2,3237
strode,2,3238
jut,2,3239
justly,2,3240
joyed,2,3241
assuredly,2,3242
journeyings,2,3243
joined,2,3244
jests,2,3245
kernel,2,3246
studies,2,3247
islands,2,3248
iron,2,3249
irk,2,3250
invention,2,3251
stump,2,3252
keenly,2,3253
kicked,2,3254
lapped,2,3255
asking,2,3256
language,2,3257
aside,2,3258
strain,2,3259
lakes,2,3260
strained,2,3261
strait,2,3262
aspect,2,3263
kickt,2,3264
knockt,2,3265
knock,2,3266
strangers,2,3267
kissed,2,3268
kinship,2,3269
kindness,2,3270
sword,2,3271
herbage,2,3272
healthy,2,3273
gurgle,2,3274
backs,2,3275
halo,2,3276
teachings,2,3277
guided,2,3278
hatred,2,3279
wiser,2,3280
halting,2,3281
happier,2,3282
tail,2,3283
handles,2,3284
handily,2,3285
hastily,2,3286
taller,2,3287
talking,2,3288
halfway,2,3289
haunt,2,3290
harkings,2,3291
harden,2,3292
taking,2,3293
hardly,2,3294
harken,2,3295
haply,2,3296
somehow,1,3297
strand,1,3298
veritable,1,3299
wore,1,3300
spoil,1,3301
spoiled,1,3302
vi,1,3303
spoilt,1,3304
splutterings,1,3305
toil,1,3306
verified,1,3307
wrenched,1,3308
smoothed,1,3309
strapt,1,3310
variance,1,3311
tapered,1,3312
splitten,1,3313
tapt,1,3314
wives,1,3315
veils,1,3316
yawning,1,3317
veins,1,3318
strangle,1,3319
straitly,1,3320
settle,1,3321
venerable,1,3322
wrencht,1,3323
therethrough,1,3324
wrecked,1,3325
servant,1,3326
straiten,1,3327
thereat,1,3328
visionary,1,3329
thereabouts,1,3330
visit,1,3331
theory,1,3332
semblance,1,3333
selves,1,3334
storms,1,3335
visited,1,3336
visor,1,3337
vital,1,3338
vitals,1,3339
vittles,1,3340
wherein,1,3341
woes,1,3342
virtues,1,3343
straighten,1,3344
violent,1,3345
sentiment,1,3346
spot,1,3347
smothered,1,3348
viewed,1,3349
shadowy,1,3350
smoulder,1,3351
spoutings,1,3352
smouldering,1,3353
wreck,1,3354
straightness,1,3355
viewless,1,3356
spray,1,3357
vii,1,3358
viii,1,3359
sprayings,1,3360
splinter,1,3361
window,1,3362
vantages,1,3363
upraised,1,3364
upland,1,3365
thinkers,1,3366
studied,1,3367
structure,1,3368
strongness,1,3369
sharping,1,3370
uplooking,1,3371
uprase,1,3372
striving,1,3373
strongest,1,3374
thinker,1,3375
stroked,1,3376
uprise,1,3377
wills,1,3378
upstand,1,3379
upwardness,1,3380
upjutting,1,3381
sharpness,1,3382
thinness,1,3383
shatterings,1,3384
xvi,1,3385
shell,1,3386
thirsty,1,3387
stumble,1,3388
upburstings,1,3389
sheets,1,3390
upheaved,1,3391
thirst,1,3392
studying,1,3393
sheen,1,3394
whimsy,1,3395
sheathed,1,3396
tampering,1,3397
xvii,1,3398
spines,1,3399
upwise,1,3400
striven,1,3401
strategy,1,3402
stretching,1,3403
vagueness,1,3404
winding,1,3405
wherewith,1,3406
smokings,1,3407
stricken,1,3408
valiance,1,3409
thereupon,1,3410
shakes,1,3411
urgent,1,3412
value,1,3413
splendid,1,3414
vampire,1,3415
strengthened,1,3416
windows,1,3417
shaggy,1,3418
thereunder,1,3419
striding,1,3420
vacant,1,3421
v,1,3422
splashings,1,3423
witness,1,3424
shameful,1,3425
tangled,1,3426
taper,1,3427
useful,1,3428
thighs,1,3429
uselessness,1,3430
stripping,1,3431
spirtings,1,3432
usualness,1,3433
strip,1,3434
splashing,1,3435
utterings,1,3436
sham,1,3437
striking,1,3438
seized,1,3439
yearning,1,3440
seize,1,3441
wondrously,1,3442
wench,1,3443
teaching,1,3444
watchings,1,3445
scorn,1,3446
scored,1,3447
sodden,1,3448
stang,1,3449
waved,1,3450
steeply,1,3451
steeped,1,3452
waver,1,3453
scoff,1,3454
stank,1,3455
steamings,1,3456
sciences,1,3457
wasted,1,3458
washings,1,3459
solid,1,3460
wont,1,3461
tenfold,1,3462
stamped,1,3463
steps,1,3464
wareness,1,3465
screamings,1,3466
warfare,1,3467
stepping,1,3468
warmness,1,3469
stampings,1,3470
tendril,1,3471
womb,1,3472
stenchings,1,3473
scream,1,3474
yourselves,1,3475
scoured,1,3476
wavered,1,3477
tempting,1,3478
spreading,1,3479
welcoming,1,3480
weathered,1,3481
wed,1,3482
starless,1,3483
wedding,1,3484
wee,1,3485
scalding,1,3486
says,1,3487
tells,1,3488
starlight,1,3489
ween,1,3490
youthfulness,1,3491
starvation,1,3492
start,1,3493
weighed,1,3494
yowling,1,3495
temples,1,3496
stately,1,3497
school,1,3498
statue,1,3499
scholars,1,3500
wavewise,1,3501
solemnness,1,3502
weakest,1,3503
wealth,1,3504
scattered,1,3505
tearlessness,1,3506
scatter,1,3507
stead,1,3508
staying,1,3509
stature,1,3510
scare,1,3511
wearing,1,3512
wearisome,1,3513
statues,1,3514
screams,1,3515
sternly,1,3516
screeching,1,3517
wager,1,3518
wing,1,3519
spurned,1,3520
yellowness,1,3521
waists,1,3522
spurtings,1,3523
sedateness,1,3524
wetting,1,3525
thanks,1,3526
snap,1,3527
thanked,1,3528
squander,1,3529
squarking,1,3530
secondary,1,3531
wetted,1,3532
snug,1,3533
waggings,1,3534
waded,1,3535
wardership,1,3536
stooping,1,3537
segs,1,3538
stored,1,3539
sprig,1,3540
upbraid,1,3541
seems,1,3542
stopping,1,3543
wine,1,3544
sprout,1,3545
spun,1,3546
wrath,1,3547
seemingly,1,3548
thee,1,3549
yearnings,1,3550
volumes,1,3551
voyaging,1,3552
winged,1,3553
stable,1,3554
seaward,1,3555
seats,1,3556
stinks,1,3557
wantonly,1,3558
scuttling,1,3559
sculpture,1,3560
wants,1,3561
soberly,1,3562
tasty,1,3563
teach,1,3564
teachers,1,3565
warded,1,3566
soberness,1,3567
screens,1,3568
warder,1,3569
stale,1,3570
westwards,1,3571
terraces,1,3572
staidly,1,3573
womanheart,1,3574
tests,1,3575
walker,1,3576
seasons,1,3577
snuggle,1,3578
season,1,3579
stomach,1,3580
texture,1,3581
tasted,1,3582
wanders,1,3583
stitcht,1,3584
wolf,1,3585
wanderer,1,3586
wanderers,1,3587
wolves,1,3588
stitched,1,3589
stun,1,3590
unworthy,1,3591
shells,1,3592
tickle,1,3593
whitherward,1,3594
sip,1,3595
trunks,1,3596
whithers,1,3597
truthful,1,3598
worth,1,3599
sinuous,1,3600
truths,1,3601
trying,1,3602
tuck,1,3603
tumble,1,3604
tumbling,1,3605
thy,1,3606
tails,1,3607
tuned,1,3608
truer,1,3609
troublous,1,3610
sings,1,3611
troublings,1,3612
tremendous,1,3613
sixty,1,3614
tress,1,3615
tribes,1,3616
trick,1,3617
tricks,1,3618
wishes,1,3619
triumphant,1,3620
trivial,1,3621
swamp,1,3622
trode,1,3623
troubles,1,3624
wrinkled,1,3625
swam,1,3626
tidiness,1,3627
thwarted,1,3628
singled,1,3629
unbidden,1,3630
ugliness,1,3631
woundings,1,3632
whistled,1,3633
thumbs,1,3634
thuddings,1,3635
silencing,1,3636
unableness,1,3637
unashamed,1,3638
suppositions,1,3639
signposts,1,3640
thud,1,3641
unawares,1,3642
unbare,1,3643
throws,1,3644
slyness,1,3645
unbegotten,1,3646
silken,1,3647
twitched,1,3648
turns,1,3649
slumbers,1,3650
surprised,1,3651
wishing,1,3652
tuskt,1,3653
surging,1,3654
slumberings,1,3655
twig,1,3656
simply,1,3657
twinkle,1,3658
twinkled,1,3659
wistfulness,1,3660
soundings,1,3661
twist,1,3662
simpering,1,3663
simper,1,3664
soundly,1,3665
tremblingly,1,3666
sizes,1,3667
skewers,1,3668
topped,1,3669
timepiece,1,3670
tormented,1,3671
swelled,1,3672
timely,1,3673
slidings,1,3674
tortured,1,3675
wickednesses,1,3676
tost,1,3677
sweeter,1,3678
slid,1,3679
tottered,1,3680
sweetening,1,3681
swum,1,3682
sorrowed,1,3683
sweeten,1,3684
tops,1,3685
slings,1,3686
skilful,1,3687
slowed,1,3688
swooning,1,3689
swoond,1,3690
tomb,1,3691
slit,1,3692
tone,1,3693
tongues,1,3694
slipperiness,1,3695
wrinkles,1,3696
tiring,1,3697
swimming,1,3698
sooner,1,3699
tire,1,3700
slipped,1,3701
wield,1,3702
slink,1,3703
writing,1,3704
tough,1,3705
tightness,1,3706
whose,1,3707
wotless,1,3708
travelling,1,3709
slaughter,1,3710
sorted,1,3711
soughing,1,3712
sycamore,1,3713
tiers,1,3714
slackness,1,3715
slackened,1,3716
table,1,3717
swearing,1,3718
skull,1,3719
treatise,1,3720
wounding,1,3721
sward,1,3722
slavered,1,3723
trap,1,3724
transparent,1,3725
trackt,1,3726
sorrowing,1,3727
towering,1,3728
writings,1,3729
tightly,1,3730
sweeping,1,3731
tracking,1,3732
tract,1,3733
sorry,1,3734
wholesomely,1,3735
sleepings,1,3736
tragedy,1,3737
trained,1,3738
wrongful,1,3739
transfigured,1,3740
unbelief,1,3741
unbroken,1,3742
whining,1,3743
speedier,1,3744
worm,1,3745
shooting,1,3746
unreasoned,1,3747
unreasoning,1,3748
threat,1,3749
unremembered,1,3750
unrest,1,3751
unseeing,1,3752
threads,1,3753
speedily,1,3754
speedings,1,3755
unshaped,1,3756
whipping,1,3757
untainted,1,3758
smiled,1,3759
unreasonable,1,3760
threatened,1,3761
thrash,1,3762
shorten,1,3763
unmeasurable,1,3764
unmoved,1,3765
summers,1,3766
speechless,1,3767
unnumbered,1,3768
unpent,1,3769
sulphury,1,3770
sulphurous,1,3771
suiting,1,3772
unprotection,1,3773
xiii,1,3774
unproven,1,3775
shot,1,3776
speechlessness,1,3777
talons,1,3778
shiverings,1,3779
spell,1,3780
uncaring,1,3781
thou,1,3782
shiftless,1,3783
subtileness,1,3784
shifting,1,3785
submitted,1,3786
smitings,1,3787
submission,1,3788
sub,1,3789
stupor,1,3790
thorough,1,3791
smitten,1,3792
toe,1,3793
spilt,1,3794
tamed,1,3795
upboilings,1,3796
thorn,1,3797
shimmer,1,3798
subtleties,1,3799
unthinkingness,1,3800
succeed,1,3801
spelled,1,3802
spelling,1,3803
willed,1,3804
untrained,1,3805
untuned,1,3806
thoughtlessness,1,3807
xiv,1,3808
succeeded,1,3809
spend,1,3810
unusualness,1,3811
william,1,3812
unwearied,1,3813
unwholesome,1,3814
xv,1,3815
unwinking,1,3816
unknowable,1,3817
unkist,1,3818
unkindly,1,3819
xi,1,3820
sided,1,3821
smash,1,3822
thronged,1,3823
throbbed,1,3824
throats,1,3825
undelayed,1,3826
underbreath,1,3827
spareness,1,3828
spattering,1,3829
underlie,1,3830
underneath,1,3831
underpart,1,3832
underside,1,3833
shyly,1,3834
understanded,1,3835
smartness,1,3836
span,1,3837
smelt,1,3838
supple,1,3839
uncased,1,3840
worseness,1,3841
uncertainness,1,3842
unclothed,1,3843
sighted,1,3844
x,1,3845
uncomely,1,3846
smallness,1,3847
unconscious,1,3848
whispers,1,3849
sifting,1,3850
supply,1,3851
siftering,1,3852
smartings,1,3853
sifted,1,3854
underwent,1,3855
undeveloped,1,3856
undisturbed,1,3857
undone,1,3858
unfolded,1,3859
unfriendliness,1,3860
unhappy,1,3861
sundry,1,3862
showings,1,3863
unhealth,1,3864
unhelped,1,3865
unhid,1,3866
xii,1,3867
shouts,1,3868
whirlings,1,3869
unholiness,1,3870
unholy,1,3871
unison,1,3872
unjust,1,3873
shrewd,1,3874
shriekings,1,3875
unfold,1,3876
sunlight,1,3877
undoubted,1,3878
suns,1,3879
undue,1,3880
sunrise,1,3881
unduly,1,3882
shudderings,1,3883
talon,1,3884
sped,1,3885
withholden,1,3886
unfailing,1,3887
unfamiliar,1,3888
special,1,3889
smellings,1,3890
shriekt,1,3891
sundered,1,3892
lovingly,1,3893
savoured,1,3894
drearly,1,3895
drift,1,3896
drifted,1,3897
drops,1,3898
dross,1,3899
drowned,1,3900
drowsed,1,3901
drug,1,3902
drunken,1,3903
dryly,1,3904
ducked,1,3905
duel,1,3906
dug,1,3907
dummy,1,3908
dump,1,3909
dunes,1,3910
dung,1,3911
dusky,1,3912
dwelt,1,3913
dwindled,1,3914
dwindling,1,3915
e,1,3916
dressing,1,3917
dreading,1,3918
dismays,1,3919
dragging,1,3920
disobeyed,1,3921
dispersed,1,3922
dispirit,1,3923
displeasing,1,3924
distasteful,1,3925
distressful,1,3926
distrest,1,3927
distrust,1,3928
dived,1,3929
divers,1,3930
diversion,1,3931
doleful,1,3932
dominate,1,3933
dominion,1,3934
doom,1,3935
doomed,1,3936
doubled,1,3937
doubtful,1,3938
doubtfully,1,3939
doubting,1,3940
doubts,1,3941
earnestly,1,3942
earnestness,1,3943
easeless,1,3944
easement,1,3945
entrapped,1,3946
entry,1,3947
err,1,3948
erred,1,3949
error,1,3950
errors,1,3951
escapings,1,3952
escort,1,3953
essential,1,3954
established,1,3955
eternities,1,3956
evade,1,3957
evaded,1,3958
evenings,1,3959
event,1,3960
evergrowing,1,3961
evermore,1,3962
everything,1,3963
everyways,1,3964
everywhile,1,3965
evident,1,3966
entranced,1,3967
entrails,1,3968
enticement,1,3969
emboldened,1,3970
easing,1,3971
eatings,1,3972
echoing,1,3973
edges,1,3974
effect,1,3975
effects,1,3976
eighty,1,3977
elsewise,1,3978
elves,1,3979
embraced,1,3980
entertain,1,3981
emptied,1,3982
en,1,3983
enclosed,1,3984
endeavours,1,3985
endurance,1,3986
enduring,1,3987
englamoured,1,3988
enlightenment,1,3989
entering,1,3990
disobedience,1,3991
dismantled,1,3992
exalt,1,3993
curtsey,1,3994
cushion,1,3995
cushioned,1,3996
customs,1,3997
dabbled,1,3998
daintily,1,3999
daintiness,1,4000
damp,1,4001
dancer,1,4002
darknesses,1,4003
darting,1,4004
dashed,1,4005
date,1,4006
daughter,1,4007
dawns,1,4008
dazedness,1,4009
deafen,1,4010
deafened,1,4011
dearness,1,4012
decay,1,4013
deemed,1,4014
defense,1,4015
curtseyed,1,4016
cursings,1,4017
dismalness,1,4018
currents,1,4019
crest,1,4020
crests,1,4021
crook,1,4022
crooked,1,4023
crooned,1,4024
crossing,1,4025
crosspiece,1,4026
crowds,1,4027
crowned,1,4028
crumple,1,4029
crushed,1,4030
crusht,1,4031
crust,1,4032
crustily,1,4033
crystal,1,4034
cudgels,1,4035
cumber,1,4036
cumbersome,1,4037
curb,1,4038
curbed,1,4039
curling,1,4040
deferred,1,4041
defyingness,1,4042
degeneracy,1,4043
degree,1,4044
differ,1,4045
digression,1,4046
dimensions,1,4047
dined,1,4048
dinner,1,4049
dint,1,4050
directwards,1,4051
dirt,1,4052
disappointments,1,4053
disbelieved,1,4054
discipline,1,4055
disclaimed,1,4056
discomposing,1,4057
discouraged,1,4058
discoveries,1,4059
discredit,1,4060
disdained,1,4061
disfavour,1,4062
disguise,1,4063
disk,1,4064
disks,1,4065
dies,1,4066
dew,1,4067
devouring,1,4068
desolateness,1,4069
delayed,1,4070
deluge,1,4071
delusion,1,4072
demanded,1,4073
denial,1,4074
denoteth,1,4075
depths,1,4076
describe,1,4077
desires,1,4078
despairful,1,4079
devourer,1,4080
despairs,1,4081
desperately,1,4082
desperateness,1,4083
desperation,1,4084
destroys,1,4085
details,1,4086
determining,1,4087
develop,1,4088
developement,1,4089
evolved,1,4090
examine,1,4091
creation,1,4092
fragments,1,4093
framed,1,4094
framing,1,4095
frank,1,4096
freely,1,4097
freshly,1,4098
freshness,1,4099
fretted,1,4100
frightenedness,1,4101
frightening,1,4102
frightens,1,4103
fringe,1,4104
frisk,1,4105
frolic,1,4106
frost,1,4107
froth,1,4108
frown,1,4109
froze,1,4110
fructified,1,4111
fullness,1,4112
fumble,1,4113
fumbled,1,4114
fragrance,1,4115
fountains,1,4116
flowing,1,4117
foundation,1,4118
flutter,1,4119
flyings,1,4120
foam,1,4121
foiled,1,4122
folds,1,4123
folk,1,4124
footgear,1,4125
footmen,1,4126
footsteps,1,4127
forbad,1,4128
forbade,1,4129
forearm,1,4130
foremost,1,4131
forgat,1,4132
forgetful,1,4133
forgiveness,1,4134
forlorn,1,4135
forsakeness,1,4136
fortieth,1,4137
forwardness,1,4138
foulness,1,4139
fumbling,1,4140
fumblings,1,4141
fuming,1,4142
fundament,1,4143
gladden,1,4144
glancing,1,4145
gleefulness,1,4146
glisten,1,4147
glistening,1,4148
gloomed,1,4149
glove,1,4150
glowed,1,4151
glowings,1,4152
glutted,1,4153
gluttons,1,4154
god,1,4155
godlike,1,4156
goes,1,4157
goodbye,1,4158
goods,1,4159
gorged,1,4160
gorging,1,4161
governing,1,4162
graces,1,4163
gracious,1,4164
girdling,1,4165
gifted,1,4166
giddy,1,4167
gash,1,4168
furnace,1,4169
furtherance,1,4170
futile,1,4171
futureness,1,4172
gaily,1,4173
gaining,1,4174
gainsay,1,4175
galleries,1,4176
garmented,1,4177
gashed,1,4178
ghostly,1,4179
gasped,1,4180
gasping,1,4181
gateways,1,4182
gathers,1,4183
gay,1,4184
gazed,1,4185
gazings,1,4186
generation,1,4187
gentled,1,4188
flung,1,4189
flower,1,4190
example,1,4191
fables,1,4192
faded,1,4193
faery,1,4194
failings,1,4195
fainted,1,4196
faintly,1,4197
faintness,1,4198
faithfully,1,4199
fallings,1,4200
falls,1,4201
faltered,1,4202
familiarly,1,4203
families,1,4204
fancyings,1,4205
fantastic,1,4206
faraway,1,4207
fared,1,4208
farewells,1,4209
farmer,1,4210
fastening,1,4211
fastenings,1,4212
fat,1,4213
faction,1,4214
eyelashes,1,4215
flourish,1,4216
eyed,1,4217
exceeded,1,4218
exceedingly,1,4219
excess,1,4220
excites,1,4221
excursion,1,4222
excuse,1,4223
excused,1,4224
excusing,1,4225
exercised,1,4226
exhaust,1,4227
exhausted,1,4228
exhaustion,1,4229
exhausts,1,4230
expedition,1,4231
experience,1,4232
experiments,1,4233
explore,1,4234
expound,1,4235
expression,1,4236
extinct,1,4237
exulting,1,4238
fate,1,4239
fathered,1,4240
fault,1,4241
faulty,1,4242
fix,1,4243
fixt,1,4244
flakes,1,4245
flank,1,4246
flared,1,4247
flares,1,4248
flashed,1,4249
flashes,1,4250
flask,1,4251
flasks,1,4252
flaw,1,4253
flayed,1,4254
fleeing,1,4255
flew,1,4256
flicker,1,4257
flinders,1,4258
float,1,4259
flogging,1,4260
floggings,1,4261
floored,1,4262
floors,1,4263
fitting,1,4264
fitness,1,4265
fitment,1,4266
fever,1,4267
favoured,1,4268
feathers,1,4269
features,1,4270
fed,1,4271
feeble,1,4272
feebly,1,4273
feeding,1,4274
fellow,1,4275
fended,1,4276
fibre,1,4277
fitly,1,4278
fibrous,1,4279
fiction,1,4280
fiddler,1,4281
fiercely,1,4282
fierceness,1,4283
filth,1,4284
fireless,1,4285
firepit,1,4286
fissures,1,4287
credible,1,4288
crazed,1,4289
satisfy,1,4290
bandaged,1,4291
bank,1,4292
bantering,1,4293
bar,1,4294
barbarian,1,4295
barefoot,1,4296
barenness,1,4297
barking,1,4298
barred,1,4299
barriers,1,4300
based,1,4301
basins,1,4302
bat,1,4303
bathing,1,4304
battered,1,4305
battlements,1,4306
bayed,1,4307
bayings,1,4308
beam,1,4309
bearing,1,4310
bearings,1,4311
beatings,1,4312
banded,1,4313
bandage,1,4314
assailed,1,4315
baked,1,4316
assertion,1,4317
assistants,1,4318
astir,1,4319
astonishing,1,4320
astronomy,1,4321
atlas,1,4322
attacked,1,4323
attacking,1,4324
attempts,1,4325
attendance,1,4326
attended,1,4327
attentions,1,4328
attenuated,1,4329
attracting,1,4330
avail,1,4331
awakedness,1,4332
aweary,1,4333
axes,1,4334
babblings,1,4335
baby,1,4336
background,1,4337
beats,1,4338
beauties,1,4339
becoming,1,4340
bedmates,1,4341
betimes,1,4342
betokened,1,4343
betrothal,1,4344
bettered,1,4345
bewit,1,4346
billion,1,4347
binders,1,4348
birthed,1,4349
bitten,1,4350
bitterly,1,4351
blacken,1,4352
blackened,1,4353
blade,1,4354
blasted,1,4355
bleakness,1,4356
bled,1,4357
blend,1,4358
blent,1,4359
bless,1,4360
blessed,1,4361
blessing,1,4362
bethink,1,4363
bestial,1,4364
besides,1,4365
belched,1,4366
beds,1,4367
beech,1,4368
befallen,1,4369
befell,1,4370
begged,1,4371
begot,1,4372
behaviour,1,4373
beholders,1,4374
beholding,1,4375
belches,1,4376
beseeched,1,4377
believings,1,4378
belled,1,4379
bellies,1,4380
bells,1,4381
belted,1,4382
bemired,1,4383
bemused,1,4384
benefit,1,4385
berries,1,4386
assembled,1,4387
ashes,1,4388
block,1,4389
actioned,1,4390
admitted,1,4391
admittings,1,4392
advance,1,4393
advancements,1,4394
advancing,1,4395
adventurer,1,4396
adventurers,1,4397
adventurings,1,4398
adventurous,1,4399
advices,1,4400
advisings,1,4401
aeon,1,4402
aeons,1,4403
affair,1,4404
affected,1,4405
affirm,1,4406
affrighted,1,4407
afloat,1,4408
afoot,1,4409
aforetime,1,4410
afraid,1,4411
actually,1,4412
actings,1,4413
arts,1,4414
acted,1,4415
abasements,1,4416
abashed,1,4417
abate,1,4418
abetted,1,4419
ableness,1,4420
aboard,1,4421
abominable,1,4422
abound,1,4423
abundancy,1,4424
abundant,1,4425
abused,1,4426
accept,1,4427
acceptance,1,4428
accepted,1,4429
accident,1,4430
acclaim,1,4431
accomplishment,1,4432
accord,1,4433
accustomed,1,4434
acknowledged,1,4435
acknowledgement,1,4436
afraidness,1,4437
africa,1,4438
aged,1,4439
aglow,1,4440
apartness,1,4441
apex,1,4442
apology,1,4443
apparentness,1,4444
appeal,1,4445
appetite,1,4446
appointed,1,4447
arbours,1,4448
arch,1,4449
arched,1,4450
arching,1,4451
area,1,4452
aready,1,4453
argue,1,4454
arguments,1,4455
arisen,1,4456
arranged,1,4457
arrangement,1,4458
arrive,1,4459
art,1,4460
artists,1,4461
anyway,1,4462
anytime,1,4463
anvil,1,4464
aloft,1,4465
agreement,1,4466
ailed,1,4467
aim,1,4468
aimed,1,4469
alack,1,4470
alackness,1,4471
ale,1,4472
alfred,1,4473
alkali,1,4474
aloofness,1,4475
ant,1,4476
although,1,4477
amaze,1,4478
amazing,1,4479
amiss,1,4480
amissness,1,4481
ancestors,1,4482
anear,1,4483
animal,1,4484
ankles,1,4485
blindness,1,4486
bloom,1,4487
crashings,1,4488
clutched,1,4489
coasting,1,4490
coaxed,1,4491
combat,1,4492
comet,1,4493
comings,1,4494
commander,1,4495
commands,1,4496
commence,1,4497
commencement,1,4498
commending,1,4499
comments,1,4500
commune,1,4501
communing,1,4502
companionable,1,4503
companioning,1,4504
comparison,1,4505
compel,1,4506
completion,1,4507
composedly,1,4508
composedness,1,4509
compound,1,4510
coals,1,4511
clusterings,1,4512
claiming,1,4513
clustering,1,4514
clanging,1,4515
clatter,1,4516
claw,1,4517
cleanness,1,4518
clenched,1,4519
climbings,1,4520
clipt,1,4521
clitterings,1,4522
cloaked,1,4523
clomb,1,4524
closely,1,4525
closeness,1,4526
closer,1,4527
clothes,1,4528
clouding,1,4529
club,1,4530
clumping,1,4531
clumpings,1,4532
clumpt,1,4533
clumsily,1,4534
cluster,1,4535
comrade,1,4536
comrades,1,4537
conceiving,1,4538
conclusions,1,4539
cook,1,4540
cool,1,4541
copied,1,4542
cords,1,4543
correct,1,4544
corrected,1,4545
cost,1,4546
couch,1,4547
counsel,1,4548
counsellings,1,4549
county,1,4550
couraged,1,4551
cousinhood,1,4552
coverings,1,4553
coward,1,4554
cower,1,4555
crab,1,4556
crackling,1,4557
cranings,1,4558
crannies,1,4559
cranny,1,4560
conviction,1,4561
contrivings,1,4562
contriving,1,4563
constitute,1,4564
conditions,1,4565
confess,1,4566
confound,1,4567
confuse,1,4568
connected,1,4569
consciousness,1,4570
consent,1,4571
console,1,4572
consortings,1,4573
consumed,1,4574
contrived,1,4575
contained,1,4576
contemplation,1,4577
contempt,1,4578
contend,1,4579
continent,1,4580
contrariness,1,4581
contrariwise,1,4582
contrarywise,1,4583
contrast,1,4584
clambering,1,4585
civilizing,1,4586
blundering,1,4587
brief,1,4588
briskly,1,4589
bristled,1,4590
broadness,1,4591
brokenly,1,4592
bronze,1,4593
brooded,1,4594
brooding,1,4595
broodings,1,4596
brooks,1,4597
brother,1,4598
brown,1,4599
browse,1,4600
brutishness,1,4601
builder,1,4602
building,1,4603
bulked,1,4604
bulkt,1,4605
bull,1,4606
bullet,1,4607
bullock,1,4608
bullocks,1,4609
brim,1,4610
bridal,1,4611
chop,1,4612
brewing,1,4613
blurred,1,4614
blushings,1,4615
boaster,1,4616
bode,1,4617
bodge,1,4618
bold,1,4619
bolder,1,4620
boldly,1,4621
bonny,1,4622
boom,1,4623
boon,1,4624
borrow,1,4625
borrowing,1,4626
bothered,1,4627
bowels,1,4628
boyhood,1,4629
brains,1,4630
bravely,1,4631
bravery,1,4632
breach,1,4633
breasted,1,4634
bulls,1,4635
burdened,1,4636
burdenings,1,4637
burnings,1,4638
certainly,1,4639
chafed,1,4640
chain,1,4641
changing,1,4642
chaos,1,4643
character,1,4644
characters,1,4645
charging,1,4646
chargings,1,4647
charts,1,4648
chatter,1,4649
chaunting,1,4650
check,1,4651
cheerfulness,1,4652
chewed,1,4653
chid,1,4654
chimney,1,4655
chinks,1,4656
chip,1,4657
choking,1,4658
choose,1,4659
ceremonial,1,4660
cautiously,1,4661
caused,1,4662
callen,1,4663
burnt,1,4664
bursting,1,4665
bursts,1,4666
bury,1,4667
buttocks,1,4668
buttoned,1,4669
bye,1,4670
calamity,1,4671
calculation,1,4672
calls,1,4673
cat,1,4674
camera,1,4675
candle,1,4676
captive,1,4677
carefully,1,4678
carefulness,1,4679
caress,1,4680
caring,1,4681
carven,1,4682
cases,1,4683
graciousness,1,4684
gradual,1,4685
grain,1,4686
partner,1,4687
pastures,1,4688
pat,1,4689
patagonia,1,4690
pathos,1,4691
paths,1,4692
pattern,1,4693
patting,1,4694
pauses,1,4695
pausing,1,4696
peacefulness,1,4697
peaked,1,4698
peering,1,4699
peerings,1,4700
pens,1,4701
perfected,1,4702
perhaps,1,4703
perished,1,4704
permitted,1,4705
perpetual,1,4706
perplexed,1,4707
persistence,1,4708
passages,1,4709
particular,1,4710
overtravel,1,4711
parents,1,4712
overwards,1,4713
overweigh,1,4714
owe,1,4715
owed,1,4716
owing,1,4717
ox,1,4718
pacings,1,4719
packs,1,4720
paddled,1,4721
painted,1,4722
palace,1,4723
palate,1,4724
paleness,1,4725
pandemonium,1,4726
pang,1,4727
panic,1,4728
panther,1,4729
panthers,1,4730
panting,1,4731
pantings,1,4732
parachutes,1,4733
persuade,1,4734
pertain,1,4735
perversity,1,4736
pestered,1,4737
pleasantness,1,4738
pleasing,1,4739
pleasured,1,4740
pled,1,4741
plentitude,1,4742
plot,1,4743
plotted,1,4744
ploughboys,1,4745
plucked,1,4746
poems,1,4747
poet,1,4748
poetry,1,4749
pointer,1,4750
points,1,4751
poised,1,4752
poising,1,4753
poisons,1,4754
pomp,1,4755
poppies,1,4756
pored,1,4757
portals,1,4758
plead,1,4759
plea,1,4760
playing,1,4761
pilot,1,4762
pettiness,1,4763
phlocks,1,4764
physically,1,4765
pick,1,4766
picturing,1,4767
pigs,1,4768
piling,1,4769
pillar,1,4770
pillared,1,4771
pimpled,1,4772
played,1,4773
pimples,1,4774
pink,1,4775
pipes,1,4776
pipings,1,4777
pistols,1,4778
pitch,1,4779
plagued,1,4780
plainer,1,4781
planet,1,4782
overwalked,1,4783
overswiftness,1,4784
pose,1,4785
nestlings,1,4786
nevermore,1,4787
newer,1,4788
nibblings,1,4789
nightly,1,4790
nimbly,1,4791
noble,1,4792
nodded,1,4793
nodding,1,4794
noddings,1,4795
noiseless,1,4796
noisings,1,4797
noisy,1,4798
nook,1,4799
northern,1,4800
northwardness,1,4801
northwestward,1,4802
notes,1,4803
nothingness,1,4804
noticed,1,4805
noways,1,4806
nowhither,1,4807
neutral,1,4808
nestling,1,4809
oversurety,1,4810
nest,1,4811
mumble,1,4812
muscling,1,4813
musclings,1,4814
mute,1,4815
mutilatings,1,4816
mutilation,1,4817
mutilations,1,4818
mythical,1,4819
nails,1,4820
nameless,1,4821
naming,1,4822
narrowed,1,4823
nasty,1,4824
nattiness,1,4825
naturally,1,4826
natures,1,4827
nearly,1,4828
needles,1,4829
needlessly,1,4830
neglected,1,4831
neighbour,1,4832
numbed,1,4833
numbered,1,4834
nurseries,1,4835
oak,1,4836
ooze,1,4837
ope,1,4838
oped,1,4839
openings,1,4840
opportunity,1,4841
opposite,1,4842
orders,1,4843
outburst,1,4844
outlooking,1,4845
outrageous,1,4846
outwardly,1,4847
oven,1,4848
overbear,1,4849
overfar,1,4850
overhung,1,4851
overplain,1,4852
overprest,1,4853
overreaching,1,4854
oversee,1,4855
overshot,1,4856
overstrain,1,4857
onely,1,4858
oldest,1,4859
older,1,4860
ocean,1,4861
oars,1,4862
oaths,1,4863
obscura,1,4864
observations,1,4865
observers,1,4866
obtaining,1,4867
occasioned,1,4868
occasions,1,4869
occurring,1,4870
oddments,1,4871
officer,1,4872
oddways,1,4873
oddwise,1,4874
odour,1,4875
odours,1,4876
offence,1,4877
offended,1,4878
offensive,1,4879
offered,1,4880
office,1,4881
portions,1,4882
possessing,1,4883
grandness,1,4884
relish,1,4885
remote,1,4886
render,1,4887
rent,1,4888
repay,1,4889
repeat,1,4890
repelling,1,4891
reproachful,1,4892
repulse,1,4893
repulsed,1,4894
requirement,1,4895
resistance,1,4896
resolute,1,4897
resolvings,1,4898
resource,1,4899
resourceful,1,4900
respecting,1,4901
responded,1,4902
restfulness,1,4903
resting,1,4904
restings,1,4905
restlessness,1,4906
remains,1,4907
relieved,1,4908
reckon,1,4909
relief,1,4910
recorded,1,4911
recorders,1,4912
recovered,1,4913
recovering,1,4914
reddish,1,4915
redoubts,1,4916
reference,1,4917
refinement,1,4918
refinings,1,4919
reflection,1,4920
refrained,1,4921
refusing,1,4922
regain,1,4923
regarded,1,4924
regiments,1,4925
regretful,1,4926
regrets,1,4927
regrettings,1,4928
rejoiced,1,4929
rejoiceful,1,4930
release,1,4931
results,1,4932
retain,1,4933
returning,1,4934
reuniting,1,4935
roughness,1,4936
rouse,1,4937
rows,1,4938
ruggedness,1,4939
rulers,1,4940
rules,1,4941
ruling,1,4942
rung,1,4943
runnings,1,4944
ruptures,1,4945
rushing,1,4946
rusted,1,4947
ruthless,1,4948
sacrifice,1,4949
safely,1,4950
sagged,1,4951
sailors,1,4952
salt,1,4953
saluted,1,4954
satisfaction,1,4955
satisfied,1,4956
roughly,1,4957
roofed,1,4958
romantic,1,4959
rig,1,4960
revealing,1,4961
revelry,1,4962
revenge,1,4963
reverse,1,4964
richness,1,4965
rid,1,4966
ridded,1,4967
ride,1,4968
ridging,1,4969
ripe,1,4970
roguishness,1,4971
ripeness,1,4972
risen,1,4973
rising,1,4974
risking,1,4975
roam,1,4976
roamings,1,4977
robbed,1,4978
robes,1,4979
rod,1,4980
reckoning,1,4981
reckless,1,4982
possibilities,1,4983
prize,1,4984
process,1,4985
processes,1,4986
promoted,1,4987
prompting,1,4988
proportioned,1,4989
prosper,1,4990
protest,1,4991
protesting,1,4992
proudness,1,4993
proven,1,4994
providence,1,4995
proving,1,4996
prudent,1,4997
published,1,4998
puff,1,4999
pulling,1,5000
pulsing,1,5001
pungent,1,5002
punished,1,5003
punishment,1,5004
puny,1,5005
proceeded,1,5006
private,1,5007
receptivity,1,5008
print,1,5009
post,1,5010
posted,1,5011
pouring,1,5012
pout,1,5013
powerful,1,5014
practical,1,5015
praised,1,5016
prank,1,5017
prayed,1,5018
prayer,1,5019
preciousness,1,5020
prefer,1,5021
presence,1,5022
pressed,1,5023
pretence,1,5024
pretestings,1,5025
prettiness,1,5026
prevailed,1,5027
prey,1,5028
prick,1,5029
pricked,1,5030
purified,1,5031
purify,1,5032
purport,1,5033
purposes,1,5034
range,1,5035
ranges,1,5036
rank,1,5037
rape,1,5038
rapture,1,5039
rash,1,5040
rashness,1,5041
rashnesses,1,5042
rats,1,5043
rattle,1,5044
ray,1,5045
re,1,5046
readily,1,5047
readings,1,5048
realisings,1,5049
reaping,1,5050
reared,1,5051
reasonableness,1,5052
reawakening,1,5053
rebellious,1,5054
receiving,1,5055
random,1,5056
rainbow,1,5057
raged,1,5058
quenched,1,5059
pursuing,1,5060
puzzled,1,5061
quaintness,1,5062
quake,1,5063
qualities,1,5064
quantities,1,5065
quarrelling,1,5066
quarter,1,5067
quarters,1,5068
quenching,1,5069
radiance,1,5070
quickened,1,5071
quieted,1,5072
quieten,1,5073
quips,1,5074
quivered,1,5075
quivering,1,5076
quiverings,1,5077
quote,1,5078
races,1,5079
muffled,1,5080
muddled,1,5081
muck,1,5082
ideals,1,5083
iii,1,5084
illusion,1,5085
imagine,1,5086
imaginers,1,5087
impatience,1,5088
impatient,1,5089
impertinently,1,5090
import,1,5091
important,1,5092
importunity,1,5093
impose,1,5094
impossible,1,5095
impressed,1,5096
impressing,1,5097
imprinted,1,5098
improperness,1,5099
impudences,1,5100
impulse,1,5101
inbred,1,5102
inburning,1,5103
inches,1,5104
ii,1,5105
hushing,1,5106
hoped,1,5107
hunt,1,5108
hopings,1,5109
hordes,1,5110
horn,1,5111
horns,1,5112
horny,1,5113
hotter,1,5114
houndings,1,5115
hourly,1,5116
hover,1,5117
hovered,1,5118
howl,1,5119
howled,1,5120
huddled,1,5121
hugest,1,5122
hulking,1,5123
hullabaloo,1,5124
humbled,1,5125
humbly,1,5126
hunch,1,5127
hunched,1,5128
hungering,1,5129
include,1,5130
inconceivable,1,5131
indents,1,5132
indifference,1,5133
inventions,1,5134
invited,1,5135
irresponsibility,1,5136
issue,1,5137
issued,1,5138
itch,1,5139
iv,1,5140
ix,1,5141
jagged,1,5142
jaggedness,1,5143
jags,1,5144
jaw,1,5145
jealous,1,5146
jealousies,1,5147
jeered,1,5148
jether,1,5149
jets,1,5150
jinglings,1,5151
joinings,1,5152
joint,1,5153
joke,1,5154
invent,1,5155
inured,1,5156
interpreted,1,5157
insolent,1,5158
indifferent,1,5159
indulge,1,5160
infinite,1,5161
innocent,1,5162
insanity,1,5163
inscrutable,1,5164
insects,1,5165
inside,1,5166
insolence,1,5167
inspection,1,5168
intentness,1,5169
instances,1,5170
instants,1,5171
instinct,1,5172
instinction,1,5173
instruct,1,5174
intelligent,1,5175
intenseness,1,5176
intentioned,1,5177
intently,1,5178
hopelessly,1,5179
honoured,1,5180
movings,1,5181
guessings,1,5182
guilty,1,5183
gulf,1,5184
gurgling,1,5185
gushed,1,5186
habit,1,5187
habitants,1,5188
habits,1,5189
hairy,1,5190
hallowedness,1,5191
halted,1,5192
halts,1,5193
halves,1,5194
hammer,1,5195
hammers,1,5196
handed,1,5197
handling,1,5198
hap,1,5199
happily,1,5200
harass,1,5201
harbour,1,5202
harbouring,1,5203
guiltily,1,5204
guards,1,5205
honourably,1,5206
guarding,1,5207
graspt,1,5208
grasses,1,5209
gravely,1,5210
graver,1,5211
gravity,1,5212
greet,1,5213
griefs,1,5214
grieve,1,5215
grind,1,5216
grinding,1,5217
gripped,1,5218
groaned,1,5219
groaning,1,5220
groped,1,5221
grotesque,1,5222
groundings,1,5223
grumble,1,5224
grumbling,1,5225
grunt,1,5226
gruntings,1,5227
gruntling,1,5228
hardening,1,5229
hardenings,1,5230
harder,1,5231
hardship,1,5232
heights,1,5233
helm,1,5234
helpfulness,1,5235
helplessness,1,5236
helpt,1,5237
heretofore,1,5238
heroic,1,5239
hesitate,1,5240
hesitated,1,5241
hesitation,1,5242
hewed,1,5243
hides,1,5244
higher,1,5245
hillocks,1,5246
hinder,1,5247
hiss,1,5248
hodgson,1,5249
holiday,1,5250
holier,1,5251
hollows,1,5252
homewards,1,5253
heaving,1,5254
heavier,1,5255
heaven,1,5256
haven,1,5257
harkt,1,5258
harmless,1,5259
harp,1,5260
harsh,1,5261
hastened,1,5262
hat,1,5263
hate,1,5264
haunted,1,5265
hauntings,1,5266
hazy,1,5267
heave,1,5268
headlands,1,5269
headpiece,1,5270
healthfulness,1,5271
heap,1,5272
heapt,1,5273
hearkened,1,5274
hearten,1,5275
heartily,1,5276
heartless,1,5277
journeys,1,5278
joyfulness,1,5279
joyousness,1,5280
masterfulness,1,5281
material,1,5282
materialized,1,5283
mathematics,1,5284
matrons,1,5285
maul,1,5286
mazingness,1,5287
meanings,1,5288
measure,1,5289
measuring,1,5290
meat,1,5291
mechanical,1,5292
meddling,1,5293
meditated,1,5294
meditation,1,5295
meditative,1,5296
melancholy,1,5297
melodies,1,5298
melody,1,5299
mending,1,5300
mentality,1,5301
mention,1,5302
mastership,1,5303
mastered,1,5304
joys,1,5305
marvels,1,5306
lumpish,1,5307
lunacy,1,5308
lure,1,5309
lurking,1,5310
lust,1,5311
luxury,1,5312
maddened,1,5313
madly,1,5314
madman,1,5315
maidens,1,5316
maker,1,5317
managed,1,5318
manly,1,5319
manners,1,5320
margin,1,5321
markings,1,5322
marks,1,5323
marred,1,5324
marrying,1,5325
mars,1,5326
marvelling,1,5327
merchanting,1,5328
mercifulness,1,5329
merge,1,5330
merriment,1,5331
modest,1,5332
modify,1,5333
monstrosities,1,5334
monstrously,1,5335
monument,1,5336
monuments,1,5337
moonlit,1,5338
moons,1,5339
mooring,1,5340
mortally,1,5341
mossbush,1,5342
mothered,1,5343
motherhood,1,5344
motherlike,1,5345
motion,1,5346
mouldered,1,5347
moundings,1,5348
mourner,1,5349
mourning,1,5350
mouths,1,5351
movements,1,5352
models,1,5353
mockings,1,5354
mixed,1,5355
mightiness,1,5356
metalled,1,5357
methinks,1,5358
method,1,5359
mice,1,5360
microphones,1,5361
midmost,1,5362
midway,1,5363
mightier,1,5364
mightiest,1,5365
migrate,1,5366
misty,1,5367
mild,1,5368
mildew,1,5369
mindful,1,5370
mingled,1,5371
ministered,1,5372
miracle,1,5373
mischievous,1,5374
mistily,1,5375
mistrusted,1,5376
lumpings,1,5377
lump,1,5378
lumber,1,5379
leaven,1,5380
lads,1,5381
lag,1,5382
lair,1,5383
lake,1,5384
lament,1,5385
lamentation,1,5386
lamps,1,5387
landmark,1,5388
landscape,1,5389
lapt,1,5390
lashed,1,5391
lashings,1,5392
lasting,1,5393
lately,1,5394
laughing,1,5395
lawlessness,1,5396
laws,1,5397
laying,1,5398
lazy,1,5399
leaders,1,5400
leadership,1,5401
lackness,1,5402
lace,1,5403
labouring,1,5404
kent,1,5405
judged,1,5406
jumpt,1,5407
justification,1,5408
justify,1,5409
jutted,1,5410
keenness,1,5411
keeper,1,5412
keepsake,1,5413
kennels,1,5414
key,1,5415
knows,1,5416
killing,1,5417
kindled,1,5418
kindliness,1,5419
kinds,1,5420
kissings,1,5421
knelt,1,5422
knitted,1,5423
knives,1,5424
knowingly,1,5425
leant,1,5426
leaves,1,5427
lullabies,1,5428
lectures,1,5429
lining,1,5430
liquid,1,5431
listlessly,1,5432
lithesome,1,5433
lively,1,5434
livid,1,5435
load,1,5436
locked,1,5437
locks,1,5438
lodgement,1,5439
loins,1,5440
lookings,1,5441
looks,1,5442
loomed,1,5443
loosely,1,5444
loosen,1,5445
lord,1,5446
lore,1,5447
loutish,1,5448
abandon,1,5449
loyal,1,5450
linger,1,5451
limits,1,5452
limited,1,5453
lightening,1,5454
lecturing,1,5455
leftward,1,5456
leisure,1,5457
lengthen,1,5458
lent,1,5459
lesson,1,5460
lichen,1,5461
lickt,1,5462
lighted,1,5463
lightless,1,5464
limb,1,5465
lightsome,1,5466
liked,1,5467
likely,1,5468
liken,1,5469
likeness,1,5470
likening,1,5471
likeways,1,5472
likings,1,5473
lilting,1,5474
zest,1,5475
